OverallQual,TotalBsmtSF,CentralAir,GrLivArea,GarageCars,SalePrice,G_Fin,G_RFn,G_Unf,PV_N,PV_P,PV_Y
7,856,1,1710,2,208500,0,1,0,0,0,1
6,1262,1,1262,2,181500,0,1,0,0,0,1
7,920,1,1786,2,223500,0,1,0,0,0,1
7,756,1,1717,3,140000,0,0,1,0,0,1
8,1145,1,2198,3,250000,0,1,0,0,0,1
5,796,1,1362,2,143000,0,0,1,0,0,1
8,1686,1,1694,2,307000,0,1,0,0,0,1
7,1107,1,2090,2,200000,0,1,0,0,0,1
7,952,1,1774,2,129900,0,0,1,0,0,1
5,991,1,1077,1,118000,0,1,0,0,0,1
5,1040,1,1040,1,129500,0,0,1,0,0,1
9,1175,1,2324,3,345000,1,0,0,0,0,1
5,912,1,912,1,144000,0,0,1,0,0,1
7,1494,1,1494,3,279500,0,1,0,0,0,1
6,1253,1,1253,1,157000,0,1,0,0,0,1
7,832,1,854,2,132000,0,0,1,0,0,1
6,1004,1,1004,2,149000,1,0,0,0,0,1
4,0,1,1296,2,90000,0,0,1,0,0,1
5,1114,1,1114,2,159000,0,0,1,0,0,1
5,1029,1,1339,1,139000,0,0,1,0,0,1
8,1158,1,2376,3,325300,0,1,0,0,0,1
7,637,1,1108,1,139400,0,0,1,1,0,0
8,1777,1,1795,2,230000,0,1,0,0,0,1
5,1040,1,1060,2,129900,0,0,1,0,0,1
5,1060,1,1060,1,154000,0,0,1,0,0,1
8,1566,1,1600,3,256300,0,1,0,0,0,1
5,900,1,900,2,134800,0,0,1,0,0,1
8,1704,1,1704,3,306000,0,1,0,0,0,1
5,1484,1,1600,1,207500,0,1,0,0,0,1
4,520,0,520,1,68500,0,0,1,0,0,1
4,649,0,1317,1,40000,0,0,1,1,0,0
5,1228,1,1228,1,149350,0,0,1,0,0,1
8,1234,1,1234,2,179900,0,1,0,0,0,1
5,1398,1,1700,2,165500,0,1,0,0,0,1
9,1561,1,1561,2,277500,1,0,0,0,0,1
8,1117,1,2452,3,309000,1,0,0,0,0,1
5,1097,1,1097,2,145000,0,0,1,0,0,1
5,1297,1,1297,2,153000,1,0,0,0,0,1
5,1057,1,1057,1,109000,0,0,1,0,0,1
4,0,0,1152,0,82000,0,0,0,1,0,0
6,1088,1,1324,2,160000,0,1,0,0,0,1
5,1350,1,1328,1,170000,0,1,0,0,1,0
5,840,1,884,2,144000,0,1,0,0,0,1
5,938,1,938,1,130250,0,0,1,0,0,1
5,1150,1,1150,1,141000,0,1,0,0,0,1
9,1752,1,1752,2,319900,0,1,0,0,0,1
7,1434,1,2149,2,239686,0,1,0,0,0,1
8,1656,1,1656,3,249700,0,1,0,0,0,1
4,736,1,1452,0,113000,0,0,0,1,0,0
5,955,1,955,1,127000,0,0,1,0,0,1
6,794,1,1470,2,177000,1,0,0,0,0,1
6,816,1,1176,2,114500,0,0,1,0,0,1
5,816,0,816,2,110000,0,0,1,0,0,1
9,1842,1,1842,3,385000,1,0,0,0,0,1
5,384,1,1360,2,130000,0,0,1,0,0,1
6,1425,1,1425,2,180500,0,1,0,0,0,1
8,970,1,1739,2,172500,1,0,0,0,0,1
7,860,1,1720,2,196500,0,1,0,0,0,1
10,1410,1,2945,3,438780,1,0,0,0,0,1
5,780,1,780,1,124900,0,0,1,0,0,1
6,1158,1,1158,2,158000,0,0,1,0,0,1
5,530,0,1111,1,101000,0,0,1,1,0,0
8,1370,1,1370,2,202500,0,1,0,0,0,1
7,576,1,1710,2,140000,0,0,1,0,0,1
7,1057,1,2034,2,219500,0,1,0,0,0,1
8,1143,1,2473,3,317000,0,1,0,0,0,1
7,1947,1,2207,2,180000,0,1,0,0,0,1
7,1453,1,1479,2,226000,0,1,0,0,0,1
4,747,1,747,1,80000,0,0,1,0,0,1
7,1304,1,2287,2,225000,1,0,0,0,0,1
7,2223,1,2223,2,244000,1,0,0,0,0,1
4,845,1,845,2,129500,0,0,1,0,0,1
7,832,1,1718,2,185000,1,0,0,0,0,1
5,1086,1,1086,2,144900,0,0,1,0,0,1
3,840,0,1605,1,107400,0,0,1,0,0,1
4,462,1,988,1,91000,0,0,1,0,0,1
4,952,1,952,1,135750,0,0,1,0,0,1
5,672,1,1285,1,127000,0,0,1,0,0,1
4,1768,0,1768,0,136500,0,0,0,0,0,1
5,440,1,1230,2,110000,0,0,1,0,0,1
6,896,1,2142,1,193500,1,0,0,0,0,1
6,1237,1,1337,2,153500,1,0,0,0,0,1
8,1563,1,1563,3,245000,0,1,0,0,0,1
5,1065,1,1065,2,126500,0,0,1,0,0,1
7,384,1,1474,2,168500,1,0,0,0,0,1
8,1288,1,2417,2,260000,0,0,1,0,0,1
6,684,1,1560,2,174000,1,0,0,0,0,1
6,612,1,1224,2,164500,0,1,0,0,0,1
3,1013,0,1526,0,85000,0,0,0,1,0,0
4,990,1,990,0,123600,0,0,0,0,0,1
4,0,1,1040,2,109900,0,0,1,0,0,1
5,1235,1,1235,2,98600,0,0,1,0,0,1
5,876,1,964,2,163500,0,0,1,0,0,1
6,1214,0,2291,2,133900,0,0,1,0,0,1
6,824,1,1786,2,204750,0,1,0,0,0,1
6,680,1,1470,2,185000,1,0,0,0,0,1
7,1588,1,1588,2,214000,0,1,0,0,0,1
4,960,1,960,1,94750,1,0,0,0,1,0
5,458,0,835,1,83000,0,0,1,0,0,1
4,950,1,1225,0,128950,0,0,0,0,0,1
6,1610,1,1610,2,205000,0,1,0,0,0,1
6,741,1,1732,2,178000,1,0,0,0,0,1
5,0,1,1535,2,118964,0,0,1,0,0,1
7,1226,1,1226,3,198900,0,1,0,0,0,1
7,1040,1,1818,1,169500,0,0,1,0,0,1
8,1053,1,1992,2,250000,0,1,0,0,0,1
4,641,1,1047,1,100000,0,0,1,1,0,0
5,789,1,789,1,115000,0,0,1,0,0,1
5,793,0,1517,0,115000,0,0,0,1,0,0
6,1844,1,1844,2,190000,0,1,0,0,0,1
6,994,1,1855,1,136900,0,0,1,0,0,1
7,384,1,1430,2,180000,1,0,0,0,0,1
7,1264,1,2696,3,383970,1,0,0,0,0,1
6,1809,1,2259,2,217000,0,0,1,0,0,1
6,1028,1,2320,1,259500,0,0,1,0,0,1
6,729,1,1458,2,176000,0,0,1,0,0,1
5,1092,1,1092,1,139000,0,0,1,0,0,1
5,1125,1,1125,2,155000,0,0,1,0,0,1
7,1673,1,3222,3,320000,0,0,1,0,0,1
6,728,1,1456,2,163990,1,0,0,0,0,1
6,938,1,988,2,180000,0,0,1,0,0,1
4,732,1,1123,1,100000,0,0,1,0,1,0
6,1080,1,1080,1,136000,0,0,1,0,0,1
6,1199,1,1199,2,153900,0,1,0,0,0,1
6,1362,1,1586,2,181000,0,0,1,0,0,1
6,520,0,754,0,84500,0,0,0,1,0,0
6,1078,1,958,2,128000,0,1,0,0,0,1
5,672,1,840,0,87000,0,0,0,1,0,0
6,660,1,1348,2,155000,0,1,0,0,0,1
5,1008,1,1053,2,150000,0,1,0,0,0,1
7,924,1,2157,2,226000,1,0,0,0,0,1
6,992,1,2054,2,244000,0,1,0,0,0,1
5,1063,1,1327,2,150750,0,0,1,0,0,1
8,1267,1,1296,2,220000,1,0,0,0,0,1
5,1461,1,1721,2,180000,0,1,0,0,0,1
7,1304,1,1682,2,174000,0,0,1,0,0,1
5,1214,1,1214,1,143000,0,1,0,0,0,1
7,1907,1,1959,3,171000,0,0,1,0,0,1
8,1004,1,1852,3,230000,1,0,0,0,0,1
6,928,1,1764,2,231500,0,1,0,0,0,1
4,864,1,864,0,115000,0,0,0,0,0,1
7,1734,1,1734,2,260000,1,0,0,0,0,1
5,910,1,1385,2,166000,0,0,1,0,0,1
7,1490,1,1501,2,204000,0,1,0,0,0,1
5,1728,1,1728,2,125000,0,0,1,0,0,1
6,970,1,1709,2,130000,0,0,1,0,0,1
5,715,1,875,1,105000,0,0,1,0,0,1
7,884,1,2035,2,222500,1,0,0,0,0,1
7,1080,1,1080,0,141000,0,0,0,0,0,1
5,896,1,1344,1,115000,0,0,1,0,0,1
5,969,1,969,2,122000,0,0,1,0,0,1
8,1710,1,1710,3,372402,0,1,0,0,0,1
6,825,1,1993,2,190000,0,1,0,0,0,1
6,1602,1,1252,2,235000,0,1,0,0,0,1
6,1200,1,1200,1,125000,0,0,1,0,0,1
6,572,0,1096,0,79000,0,0,0,1,0,0
5,0,1,1040,2,109500,0,0,1,0,0,1
8,774,1,1968,3,269500,1,0,0,0,0,1
7,991,1,1947,2,254900,0,1,0,0,0,1
7,1392,1,2462,2,320000,0,1,0,0,0,1
6,1232,1,1232,2,162500,0,0,1,0,0,1
9,1572,1,2668,3,412500,1,0,0,0,0,1
7,1541,1,1541,2,220000,0,1,0,0,0,1
4,882,1,882,0,103200,0,0,0,0,0,1
6,1149,1,1616,1,152000,0,0,1,0,0,1
5,644,1,1355,0,127500,0,0,0,0,0,1
5,1617,1,1867,1,190000,1,0,0,0,0,1
8,1582,1,2161,3,325624,1,0,0,0,0,1
7,840,1,1720,2,183500,1,0,0,0,0,1
8,1686,1,1707,2,228000,0,1,0,0,0,1
5,720,1,1382,2,128500,0,0,1,0,0,1
6,1080,1,1656,2,215000,1,0,0,0,1,0
7,1064,1,1767,2,239000,0,1,0,0,0,1
6,1362,1,1362,2,163000,0,0,1,0,0,1
6,1606,1,1651,2,184000,1,0,0,0,0,1
6,1202,1,2158,2,243000,0,0,1,0,0,1
6,1151,1,2060,2,211000,0,0,1,0,0,1
5,1052,1,1920,2,172500,0,0,1,0,0,1
9,2216,1,2234,3,501837,1,0,0,0,0,1
5,968,1,968,2,100000,0,0,1,1,0,0
6,756,1,1525,2,177000,0,0,1,0,0,1
7,793,1,1802,1,200100,0,0,1,0,0,1
5,0,1,1340,1,120000,0,1,0,0,0,1
7,1362,1,2082,2,200000,0,0,1,1,0,0
5,504,1,1252,2,127000,0,0,1,0,0,1
10,1107,1,3608,3,475000,0,0,1,0,0,1
7,1188,1,1217,2,173000,0,0,1,0,0,1
5,660,1,1656,1,135000,0,0,1,1,0,0
5,1086,1,1224,2,153337,0,0,1,0,0,1
8,1593,1,1593,2,286000,1,0,0,0,0,1
8,853,1,2727,2,315000,0,0,1,0,0,1
7,725,1,1479,2,184000,1,0,0,0,0,1
7,1431,1,1431,2,192000,1,0,0,0,0,1
7,970,1,1709,2,130000,0,0,1,0,0,1
5,864,1,864,1,127000,0,0,1,0,0,1
6,855,1,1456,2,148500,0,0,1,0,0,1
7,1726,1,1726,3,311872,1,0,0,0,0,1
8,1360,1,3112,2,235000,0,0,1,0,0,1
6,755,1,2229,0,104000,0,0,0,0,0,1
8,1713,1,1713,3,274900,1,0,0,0,0,1
4,1121,1,1121,2,140000,0,1,0,0,0,1
6,1196,1,1279,2,171500,0,0,1,0,0,1
6,617,1,1310,1,112000,0,0,1,0,0,1
6,848,1,848,2,149000,0,1,0,0,0,1
5,720,1,1284,1,110000,0,0,1,0,0,1
7,1424,1,1442,2,180500,0,1,0,0,0,1
5,1140,1,1696,1,143900,0,1,0,0,0,1
4,1100,1,1100,1,141000,0,1,0,0,0,1
7,1157,1,2062,2,277000,1,0,0,0,0,1
6,1092,1,1092,2,145000,0,1,0,0,0,1
5,864,0,864,0,98000,0,0,0,0,0,1
6,1212,1,1212,2,186000,0,1,0,0,0,1
7,900,1,1852,2,252678,0,1,0,0,0,1
5,990,1,990,2,156000,0,0,1,0,0,1
6,689,1,1392,1,161750,1,0,0,0,0,1
5,1070,1,1236,1,134450,0,0,1,0,0,1
7,1436,1,1436,2,210000,0,0,1,0,0,1
4,686,0,1328,1,107000,0,0,1,0,0,1
7,798,1,1954,2,311500,0,0,1,0,0,1
7,1248,1,1248,2,167240,1,0,0,0,0,1
7,1498,1,1498,2,204900,0,1,0,0,0,1
6,1010,1,2267,2,200000,0,1,0,0,0,1
6,713,1,1552,2,179900,0,1,0,0,0,1
4,864,1,864,2,97000,0,0,1,0,0,1
10,2392,1,2392,3,386250,1,0,0,0,0,1
5,630,1,1302,1,112000,0,0,1,0,0,1
7,1203,1,2520,3,290000,0,1,0,0,0,1
6,483,1,987,1,106000,0,0,1,0,0,1
5,912,1,912,1,125000,0,0,1,0,0,1
7,1373,1,1555,2,192500,1,0,0,0,0,1
6,1194,1,1194,1,148000,0,1,0,0,0,1
8,1462,1,2794,3,403000,1,0,0,0,0,1
6,483,1,987,1,94500,0,0,1,0,0,1
5,894,1,894,1,128200,0,0,1,0,0,1
6,860,1,1960,2,216500,1,0,0,0,0,1
6,483,1,987,1,89500,0,0,1,0,0,1
7,1414,1,1414,2,185500,0,1,0,0,0,1
7,996,1,1744,2,194500,0,1,0,0,0,1
8,1694,1,1694,3,318000,1,0,0,0,0,1
6,735,1,1487,1,113000,0,0,1,0,0,1
8,1566,1,1566,2,262500,0,1,0,0,0,1
5,686,1,866,0,110500,0,0,0,0,0,1
5,540,0,1440,1,79000,0,0,1,0,0,1
6,626,1,1217,1,120000,0,1,0,0,0,1
7,948,1,2110,2,205000,0,1,0,0,0,1
7,1845,1,1872,2,241500,1,0,0,0,0,1
6,1020,0,1928,1,137000,0,0,1,0,0,1
6,1367,1,1375,2,140000,0,0,1,0,0,1
7,840,1,1668,2,180000,0,1,0,0,0,1
6,1444,1,2144,2,277000,1,0,0,0,0,1
3,728,1,1306,0,76500,0,0,0,0,0,1
8,1573,1,1625,2,235000,1,0,0,0,0,1
6,798,1,1640,2,173000,0,1,0,0,0,1
6,1302,1,1302,1,158000,0,1,0,0,0,1
5,1314,1,1314,1,145000,0,1,0,0,0,1
7,975,1,2291,2,230000,1,0,0,0,0,1
6,864,1,1728,2,207500,0,1,0,0,0,1
7,1604,1,1604,2,220000,0,1,0,0,0,1
7,963,1,1792,2,231500,0,1,0,0,0,1
5,0,1,882,1,97000,0,0,1,0,0,1
6,1362,1,1382,2,176000,0,0,1,0,0,1
8,1482,1,2574,3,276000,1,0,0,0,0,1
6,506,1,1212,2,151000,0,0,1,0,0,1
5,926,1,1316,2,130000,0,0,1,0,0,1
5,680,0,764,2,73000,0,0,1,1,0,0
6,1422,1,1422,2,175500,1,0,0,0,0,1
6,802,1,1511,2,185000,1,0,0,0,0,1
5,720,1,2192,1,179500,0,0,1,0,0,1
5,740,1,778,1,120500,1,0,0,0,0,1
6,1143,1,1113,1,148000,0,1,0,0,0,1
8,1095,1,1939,3,266000,0,1,0,0,0,1
7,1385,1,1363,2,241500,0,0,1,0,0,1
8,1152,1,2270,3,290000,1,0,0,0,0,1
6,1240,1,1632,1,139000,0,1,0,0,0,1
5,816,1,816,1,124500,0,0,1,0,0,1
7,952,0,1548,2,205000,0,0,1,0,0,1
7,1560,1,1560,2,201000,1,0,0,0,0,1
4,864,1,864,2,141000,0,0,1,0,0,1
9,2121,1,2121,3,415298,1,0,0,0,0,1
7,1160,1,2022,2,192000,1,0,0,0,0,1
7,807,1,1982,2,228500,1,0,0,0,0,1
6,1262,1,1262,2,185000,1,0,0,0,0,1
7,1314,1,1314,2,207500,0,1,0,0,0,1
8,1468,1,1468,3,244600,1,0,0,0,0,1
6,1575,1,1575,2,179200,0,1,0,0,0,1
7,625,1,1250,2,164700,0,1,0,0,0,1
6,912,1,1734,2,159000,0,1,0,0,0,1
4,858,1,858,0,88000,0,0,0,0,0,1
5,882,1,900,1,122000,0,0,1,0,0,1
6,698,1,1396,1,153575,0,0,1,0,0,1
8,1079,1,1919,2,233230,0,1,0,0,0,1
5,780,0,1716,0,135900,0,0,0,1,0,0
5,768,1,1716,1,131000,0,0,1,0,0,1
7,795,1,2263,2,235000,1,0,0,0,0,1
6,1416,1,1644,2,167000,1,0,0,0,0,1
6,1003,1,1003,2,142500,0,0,1,0,0,1
5,910,1,1558,1,152000,0,0,1,0,0,1
7,975,1,1950,2,239000,0,1,0,0,0,1
6,702,1,1743,2,175000,0,0,1,0,0,1
6,1092,1,1152,1,158500,0,0,1,0,0,1
5,1165,1,1336,1,157000,0,0,1,0,0,1
8,1028,1,2452,2,267000,1,0,0,0,0,1
7,1541,1,1541,3,205000,0,1,0,0,0,1
5,894,1,894,2,149900,0,0,1,0,0,1
7,1470,1,3493,3,295000,0,0,1,0,0,1
8,2000,1,2000,3,305900,1,0,0,0,0,1
7,700,1,2243,3,225000,0,1,0,0,0,1
6,319,1,1406,0,89500,0,0,0,1,0,0
4,861,1,861,2,82500,0,0,1,0,0,1
9,1896,1,1944,3,360000,1,0,0,0,0,1
6,697,1,1501,2,165600,1,0,0,0,0,1
6,972,1,972,1,132000,0,0,1,0,0,1
5,793,1,1118,2,119900,0,0,1,0,0,1
7,2136,1,2036,2,375000,0,1,0,0,0,1
7,728,1,1641,2,178000,0,0,1,0,0,1
7,716,1,1432,2,188500,1,0,0,0,0,1
7,845,1,2353,2,260000,0,1,0,0,0,1
8,1088,1,1959,3,270000,0,1,0,0,0,1
7,1347,1,2646,3,260000,0,1,0,0,0,1
7,1372,1,1472,2,187500,0,0,1,0,0,1
9,1249,1,2596,3,342643,0,1,0,0,0,1
8,1136,1,2468,3,354000,1,0,0,0,0,1
7,1502,1,2730,2,301000,1,0,0,0,0,1
3,1162,1,1163,1,126175,0,0,1,0,0,1
7,710,1,2978,2,242000,1,0,0,0,0,1
5,720,0,803,2,87000,0,0,1,0,0,1
8,1719,1,1719,2,324000,1,0,0,0,0,1
6,1383,1,1383,1,145250,0,1,0,0,0,1
6,844,0,2134,2,214500,0,0,1,0,0,1
5,596,0,1192,1,78000,0,0,1,1,0,0
5,1728,1,1728,1,119000,0,0,1,0,0,1
5,1056,1,1056,1,139000,0,1,0,0,0,1
8,3206,1,1629,3,284000,0,1,0,0,0,1
7,1358,1,1358,2,207000,0,1,0,0,0,1
6,943,1,1638,2,192000,1,0,0,0,0,1
5,1499,1,1786,2,228950,1,0,0,0,0,1
9,1922,1,1922,3,377426,1,0,0,0,0,1
7,1536,1,1536,2,214000,0,1,0,0,0,1
7,1208,1,1621,2,202500,0,1,0,0,0,1
6,1215,1,1215,1,155000,0,0,1,0,0,1
8,967,1,1908,2,202900,1,0,0,0,0,1
4,721,1,841,1,82000,0,0,1,1,0,0
3,0,0,1040,2,87500,0,0,1,0,0,1
9,1684,1,1684,2,266000,0,1,0,0,0,1
5,536,1,1112,1,85000,0,0,1,0,0,1
6,972,1,1577,1,140200,0,0,1,0,0,1
6,958,1,958,1,151500,0,1,0,0,0,1
6,1478,1,1478,2,157500,0,0,1,0,0,1
7,764,1,1626,2,154000,0,1,0,0,0,1
9,1848,1,2728,3,437154,1,0,0,0,0,1
9,1869,1,1869,2,318061,0,1,0,0,0,1
7,1453,1,1453,2,190000,0,1,0,0,0,1
5,616,0,1111,1,95000,0,0,1,0,0,1
6,624,1,720,2,105900,0,0,1,0,0,1
6,940,1,1595,1,140000,0,0,1,0,0,1
6,1200,1,1200,2,177500,0,1,0,0,0,1
6,1158,1,1167,2,173000,0,1,0,0,0,1
5,1142,1,1142,2,134000,1,0,0,0,0,1
5,1062,1,1352,1,130000,0,0,1,0,0,1
8,1086,1,1924,2,280000,0,1,0,0,0,1
6,888,1,912,2,156000,0,1,0,0,0,1
5,883,1,1505,1,145000,0,0,1,1,0,0
7,0,1,1922,2,198500,0,1,0,0,0,1
6,483,1,987,1,118000,0,0,1,0,0,1
6,796,1,1574,2,190000,1,0,0,0,0,1
5,672,1,1344,1,147000,0,0,1,0,0,1
6,1394,1,1394,2,159000,0,1,0,0,0,1
6,1099,1,1431,1,165000,0,1,0,0,0,1
5,1268,1,1268,1,132000,1,0,0,0,0,1
5,1063,1,1287,2,162000,1,0,0,0,0,1
6,953,1,1664,2,172400,0,1,0,0,0,1
4,0,1,1588,2,134432,1,0,0,1,0,0
6,744,1,752,1,125000,0,0,1,0,0,1
5,608,1,1319,1,123000,0,0,1,0,0,1
7,847,1,1928,2,219500,1,0,0,0,0,1
1,683,0,904,0,61000,0,0,0,0,0,1
5,870,1,914,2,148000,0,0,1,0,0,1
8,1580,1,2466,2,340000,0,1,0,0,0,1
9,1856,1,1856,3,394432,1,0,0,0,0,1
6,982,1,1800,2,179000,1,0,0,0,0,1
5,1026,1,1691,1,127000,0,0,1,0,0,1
7,1293,1,1301,2,187750,0,1,0,0,0,1
7,939,1,1797,2,213500,0,1,0,0,0,1
6,784,0,784,2,76000,0,0,1,1,0,0
6,1580,1,1953,2,240000,1,0,0,0,0,1
8,1256,1,1269,2,192000,1,0,0,0,0,1
5,658,1,1184,0,81000,0,0,0,1,0,0
6,1041,1,1125,1,125000,0,0,1,0,0,1
7,1468,1,1479,2,191000,0,1,0,0,0,1
10,1682,1,2332,3,426000,1,0,0,0,0,1
5,861,1,1367,1,119000,0,0,1,0,0,1
6,804,1,1961,2,215000,1,0,0,0,0,1
5,0,1,882,1,106500,0,1,0,0,0,1
4,788,1,788,0,100000,0,0,0,0,0,1
5,735,1,1034,1,109000,0,0,1,0,0,1
5,1144,1,1144,1,129000,0,0,1,0,0,1
5,894,1,894,2,123000,0,1,0,0,0,1
5,864,1,1812,1,169500,0,1,0,0,0,1
5,961,1,1077,1,67000,0,0,1,1,0,0
7,1092,1,1550,2,241000,1,0,0,0,0,1
8,1260,1,1288,2,245500,1,0,0,0,0,1
7,1310,1,1310,2,164990,1,0,0,0,0,1
5,672,1,672,1,108000,0,0,1,1,0,0
8,1141,1,2263,2,258000,1,0,0,0,0,1
6,806,1,1572,2,168000,1,0,0,0,0,1
4,1281,1,1620,2,150000,0,0,1,0,0,1
6,1064,1,1639,1,115000,0,0,1,0,0,1
6,840,1,1680,1,177000,0,0,1,0,0,1
7,1063,1,2172,3,280000,0,1,0,0,0,1
8,1034,1,2078,3,339750,1,0,0,0,0,1
5,1276,1,1276,1,60000,0,0,1,0,0,1
5,1056,0,1056,2,145000,1,0,0,0,0,1
7,1470,1,1478,2,222000,1,0,0,0,0,1
5,1008,1,1028,2,115000,0,0,1,0,0,1
7,1080,1,2097,3,228000,0,0,1,0,0,1
7,1340,1,1340,2,181134,1,0,0,0,0,1
6,672,1,1400,2,149500,1,0,0,0,0,1
6,1370,0,2624,3,239000,0,0,1,1,0,0
5,756,0,1134,1,126000,0,0,1,0,1,0
5,1056,1,1056,1,142000,0,0,1,0,0,1
7,1344,1,1344,4,206300,1,0,0,0,0,1
6,1602,1,1602,2,215000,1,0,0,0,0,1
5,988,1,988,2,113000,0,1,0,1,0,0
8,1470,1,2630,3,315000,1,0,0,0,0,1
6,1196,1,1196,1,139000,0,1,0,0,0,1
7,651,1,1389,1,135000,0,0,1,0,1,0
7,1518,1,1644,2,275000,1,0,0,0,0,1
4,907,1,907,1,109008,0,0,1,0,0,1
7,1208,1,1208,2,195400,0,1,0,0,0,1
6,1392,1,1412,2,175000,0,0,1,0,0,1
6,483,1,987,1,85400,0,0,1,0,0,1
6,901,1,1198,0,79900,0,0,0,1,0,0
5,765,1,1365,2,122500,0,0,1,0,0,1
6,926,1,1604,2,181000,1,0,0,0,0,1
4,630,1,630,0,81000,0,0,0,0,0,1
7,799,1,1661,2,212000,0,1,0,0,0,1
6,648,1,1118,2,116000,0,0,1,0,0,1
6,884,1,904,1,119000,0,0,1,0,0,1
5,440,0,694,1,90350,0,0,1,0,1,0
6,684,1,1196,2,110000,0,0,1,0,0,1
10,3094,1,2402,3,555000,1,0,0,0,0,1
4,1440,0,1440,0,118000,0,0,0,0,0,1
5,1078,1,1573,2,162900,0,0,1,0,1,0
7,1258,1,1258,3,172500,1,0,0,0,0,1
7,915,1,1908,2,210000,0,0,1,0,0,1
6,1436,1,1689,2,127500,0,0,1,0,0,1
6,1517,1,1888,2,190000,1,0,0,0,0,1
7,930,1,1886,2,199900,1,0,0,0,0,1
6,780,1,1376,1,119500,0,0,1,1,0,0
3,649,1,1183,1,120000,0,0,1,0,0,1
6,813,1,813,1,110000,0,0,1,1,0,0
7,1533,1,1533,2,280000,0,0,1,0,0,1
6,872,1,1756,2,204000,1,0,0,0,0,1
8,768,1,1590,2,210000,0,1,0,0,0,1
5,1728,1,1728,2,188000,0,0,1,0,0,1
7,1242,1,1242,2,175500,0,0,1,0,0,1
5,624,0,1344,3,98000,0,0,1,0,0,1
4,1364,1,1663,2,256000,1,0,0,0,0,1
8,588,1,1666,1,161000,0,0,1,0,0,1
5,709,1,1203,1,110000,0,0,1,0,0,1
8,832,1,1935,2,263435,1,0,0,0,0,1
7,560,1,1135,2,155000,0,1,0,0,0,1
5,864,1,864,1,62383,0,0,1,0,0,1
6,715,1,1660,1,188700,0,0,1,0,0,1
5,1040,1,1040,0,124000,0,0,0,0,0,1
7,1375,1,1414,2,178740,1,0,0,0,0,1
7,1277,1,1277,2,167000,0,0,1,0,0,1
5,728,1,1644,1,146500,0,0,1,0,0,1
8,1626,1,1634,3,250000,0,1,0,0,0,1
6,832,1,1710,2,187000,0,1,0,0,0,1
8,1488,1,1502,2,212000,0,1,0,0,0,1
7,808,1,1969,2,190000,0,1,0,0,0,1
6,547,1,1072,2,148000,0,1,0,0,0,1
8,1976,1,1976,3,440000,0,1,0,0,0,1
8,1494,1,1652,2,251000,0,1,0,0,0,1
5,970,1,970,2,132500,0,0,1,0,0,1
6,1478,1,1493,2,208900,1,0,0,0,0,1
9,2153,1,2643,3,380000,1,0,0,0,0,1
8,1705,1,1718,3,297000,0,1,0,0,0,1
4,907,1,1131,2,89471,0,0,1,0,0,1
9,1833,1,1850,3,326000,1,0,0,0,0,1
9,1792,1,1792,3,374000,1,0,0,0,0,1
7,910,1,1826,1,155000,0,0,1,0,0,1
6,1216,1,1216,2,164000,0,0,1,0,0,1
5,999,1,999,1,132500,0,0,1,0,0,1
5,1113,1,1113,1,147000,0,0,1,0,0,1
5,1073,1,1073,2,156000,0,1,0,0,0,1
5,1484,1,1484,2,175000,0,0,1,0,0,1
5,954,0,2414,2,160000,0,0,1,1,0,0
4,630,1,630,1,86000,0,0,1,0,0,1
5,264,1,1304,1,115000,1,0,0,0,0,1
6,806,1,1578,1,133000,0,0,1,0,0,1
6,728,1,1456,2,172785,0,1,0,0,0,1
5,1269,1,1269,1,155000,0,0,1,0,0,1
5,190,1,886,1,91300,0,0,1,0,0,1
4,720,0,720,0,34900,0,0,0,1,0,0
8,3200,1,3228,2,430000,0,1,0,0,0,1
7,1026,1,1820,1,184000,0,0,1,1,0,0
5,864,1,899,1,130000,1,0,0,0,0,1
5,912,1,912,1,120000,1,0,0,0,0,1
6,672,1,1218,1,113000,0,0,1,0,0,1
7,866,1,1768,2,226700,0,1,0,0,0,1
5,1214,1,1214,2,140000,0,0,1,0,0,1
7,1501,1,1801,2,289000,1,0,0,0,0,1
6,855,1,1322,2,147000,0,0,1,0,0,1
5,960,1,1960,2,124500,0,0,1,1,0,0
8,777,1,1911,2,215000,0,1,0,0,0,1
6,1218,1,1218,2,208300,1,0,0,0,0,1
7,689,1,1378,2,161000,0,0,1,1,0,0
5,1041,1,1041,1,124500,0,1,0,0,0,1
5,1008,1,1363,1,164900,0,0,1,0,0,1
7,1368,1,1368,2,202665,0,1,0,0,0,1
5,864,1,864,2,129900,0,0,1,0,0,1
6,1084,1,1080,2,134000,0,0,1,0,0,1
5,768,0,789,1,96500,0,0,1,0,0,1
10,2006,1,2020,3,402861,1,0,0,0,0,1
6,689,1,2119,2,158000,0,1,0,0,0,1
7,1264,1,2344,3,265000,0,1,0,0,0,1
6,794,1,1796,2,211000,0,1,0,0,0,1
7,1276,1,2080,1,234000,0,0,1,0,0,1
4,0,0,1294,0,106250,0,0,0,1,0,0
6,1244,1,1244,1,150000,0,0,1,0,0,1
6,1004,1,1664,2,159000,0,0,1,0,0,1
10,3138,1,4676,3,184750,1,0,0,0,0,1
7,1379,1,2398,3,315750,1,0,0,0,0,1
7,1257,1,1266,2,176000,0,0,1,0,0,1
5,928,1,928,1,132000,0,0,1,0,0,1
9,1452,1,2713,3,446261,1,0,0,0,0,1
4,528,1,605,0,86000,0,0,0,1,0,0
6,2035,1,2515,2,200624,0,1,0,0,0,1
6,1461,1,1509,2,175000,0,1,0,0,0,1
6,611,1,1362,2,128000,1,0,0,0,0,1
5,0,1,827,1,107500,0,0,1,0,0,1
1,0,0,334,0,39300,0,0,0,1,0,0
8,707,1,1414,2,178000,1,0,0,0,0,1
5,1117,1,1347,0,107500,0,0,0,1,0,0
7,880,1,1724,2,188000,1,0,0,0,0,1
4,864,1,864,2,111250,0,0,1,0,0,1
5,1051,1,1159,1,158000,0,0,1,0,0,1
8,1581,1,1601,2,272000,0,1,0,0,0,1
9,1838,1,1838,3,315000,1,0,0,0,0,1
8,969,1,2285,3,248000,1,0,0,0,0,1
7,1650,1,1680,2,213250,1,0,0,0,0,1
7,723,1,767,1,133000,1,0,0,0,0,1
7,654,1,1496,2,179665,0,1,0,0,0,1
7,1204,1,2183,3,229000,0,0,1,0,0,1
6,1065,1,1635,2,210000,0,0,1,0,0,1
5,768,1,768,2,129500,0,0,1,0,0,1
5,825,1,825,2,125000,0,1,0,0,0,1
7,912,1,2094,2,263000,1,0,0,0,0,1
6,1069,1,1069,2,140000,0,1,0,0,0,1
5,928,1,928,1,112500,1,0,0,0,0,1
8,1709,1,1717,3,255500,0,1,0,0,0,1
4,0,1,1126,2,108000,1,0,0,1,0,0
7,998,1,2046,3,284000,0,1,0,0,0,1
5,993,1,1048,1,113000,0,0,1,0,0,1
5,1092,1,1092,1,141000,1,0,0,0,0,1
4,637,1,1336,1,108000,0,0,1,0,0,1
7,729,1,1446,2,175000,0,0,1,0,0,1
7,1374,1,1557,2,234000,1,0,0,0,0,1
5,1392,1,1392,2,121500,0,0,1,0,0,1
5,1389,1,1389,2,170000,0,1,0,0,0,1
5,996,1,996,0,108000,0,0,0,0,0,1
6,1163,1,1674,2,185000,1,0,0,1,0,0
7,1095,1,2295,2,268000,0,1,0,0,0,1
6,806,0,1647,1,128000,0,0,1,0,0,1
9,1122,1,2504,3,325000,1,0,0,0,0,1
7,1517,1,1535,2,214000,0,1,0,0,0,1
8,1496,1,2132,2,316600,1,0,0,0,0,1
5,943,1,943,2,135960,0,0,1,0,0,1
5,1728,1,1728,2,142600,0,0,1,0,0,1
6,864,1,864,1,120000,0,0,1,0,0,1
7,846,1,1692,2,224500,0,1,0,0,0,1
7,384,1,1430,2,170000,0,1,0,0,0,1
5,372,1,1109,1,139000,0,0,1,0,0,1
5,832,1,1216,1,118500,0,0,1,0,0,1
7,861,1,1477,1,145000,0,0,1,0,0,1
5,1164,1,1320,2,164500,0,1,0,0,0,1
7,689,1,1392,2,146000,0,0,1,0,0,1
5,1050,0,1795,1,131500,0,0,1,0,0,1
6,1144,1,1429,2,181900,0,0,1,0,0,1
8,2042,1,2042,3,253293,0,1,0,0,0,1
6,816,1,816,0,118500,0,0,0,0,0,1
10,1237,1,2775,2,325000,0,0,1,0,0,1
4,884,1,1573,1,133000,0,0,1,0,0,1
8,1868,1,2028,3,369900,0,1,0,0,0,1
6,816,1,838,1,130000,1,0,0,1,0,0
5,840,1,860,2,137000,0,0,1,0,0,1
5,1437,1,1473,1,143000,0,0,1,0,0,1
5,742,1,935,1,79500,0,0,1,0,1,0
7,770,1,1582,2,185900,0,1,0,0,0,1
10,1722,1,2296,3,451950,0,1,0,0,0,1
5,816,1,816,2,138000,1,0,0,0,0,1
6,848,1,848,2,140000,1,0,0,0,0,1
5,924,1,924,1,110000,0,0,1,0,0,1
8,1814,1,1826,3,319000,1,0,0,0,0,1
6,684,0,1368,1,114504,0,0,1,1,0,0
7,1258,1,1402,3,194201,1,0,0,0,0,1
5,1430,1,1647,2,217500,1,0,0,0,0,1
6,716,1,1556,2,151000,1,0,0,0,0,1
8,1058,1,1904,2,275000,1,0,0,0,0,1
6,780,1,1375,1,141000,0,0,1,0,1,0
8,908,1,1915,2,220000,1,0,0,0,0,1
7,600,1,1200,2,151000,0,1,0,0,0,1
7,1494,1,1494,2,221000,0,1,0,0,0,1
7,768,1,1986,2,205000,0,0,1,0,0,1
5,1040,1,1040,2,152000,0,0,1,0,0,1
5,896,1,2008,1,225000,0,0,1,0,0,1
8,965,1,3194,2,359100,0,0,1,0,0,1
4,1029,1,1029,1,118500,0,0,1,0,0,1
9,1440,1,2153,3,313000,1,0,0,0,0,1
6,1032,1,1032,2,148000,0,0,1,0,0,1
8,1299,1,1872,2,261500,0,1,0,0,0,1
5,1120,1,1120,0,147000,0,0,0,0,0,1
4,630,1,630,0,75500,0,0,0,0,0,1
6,936,1,1054,2,137500,0,1,0,0,0,1
6,783,1,1509,2,183200,1,0,0,0,0,1
6,832,1,832,2,105500,0,0,1,0,0,1
9,1822,1,1828,3,314813,0,0,1,0,0,1
8,1482,1,2262,3,305000,1,0,0,0,0,1
3,864,0,864,0,67000,0,0,0,1,0,0
6,1522,1,2614,2,240000,0,1,0,0,0,1
5,980,1,980,2,135000,0,0,1,0,0,1
6,756,1,1512,2,168500,0,0,1,0,0,1
6,732,1,1790,2,165150,0,1,0,0,0,1
6,1116,1,1116,2,160000,0,0,1,0,0,1
5,978,1,1422,1,139900,0,1,0,0,0,1
6,1156,1,1520,1,153000,0,1,0,0,0,1
5,1040,1,2080,2,135000,0,0,1,0,0,1
6,1248,1,1350,2,168500,0,1,0,0,0,1
5,636,1,1750,1,124000,0,0,1,1,0,0
8,1554,1,1554,2,209500,0,1,0,0,0,1
7,1386,1,1411,2,82500,1,0,0,0,0,1
5,1056,1,1056,1,139400,0,0,1,0,0,1
6,1056,1,1056,2,144000,0,0,1,0,0,1
6,1440,1,3395,0,200000,0,0,0,1,0,0
2,264,0,800,0,60000,0,0,0,1,0,0
5,811,1,1387,1,93000,0,0,1,0,0,1
5,796,1,796,0,85000,0,0,0,0,1,0
8,1520,1,1567,3,264561,1,0,0,0,0,1
8,1518,1,1518,2,274000,0,1,0,0,0,1
7,1057,1,1929,2,226000,1,0,0,0,0,1
8,1952,1,2704,2,345000,1,0,0,0,0,1
5,780,1,1620,2,152000,1,0,0,0,0,1
9,1766,1,1766,3,370878,1,0,0,0,0,1
6,981,1,981,2,143250,0,0,1,0,0,1
5,0,1,1048,2,98300,0,0,1,0,0,1
6,1094,1,1094,2,155000,0,1,0,0,0,1
6,756,1,1839,2,155000,0,0,1,0,0,1
4,630,1,630,0,84500,0,0,0,0,0,1
7,813,1,1665,2,205950,0,1,0,0,0,1
4,755,1,1510,1,108000,0,0,1,0,1,0
7,880,1,1716,2,191000,0,1,0,0,0,1
6,756,1,1469,1,135000,0,0,1,0,0,1
8,2109,1,2113,3,350000,1,0,0,0,0,1
6,525,1,1092,1,88000,0,0,1,0,0,1
5,1053,1,1053,1,145500,0,1,0,0,0,1
7,776,1,1502,1,149000,0,1,0,0,1,0
6,912,1,1458,1,97500,0,0,1,0,0,1
5,1486,1,1486,2,167000,1,0,0,0,0,1
7,793,1,1935,2,197900,0,1,0,0,0,1
8,1629,1,2448,3,402000,0,1,0,0,0,1
6,1392,1,1392,2,110000,0,1,0,0,0,1
4,1138,1,1181,2,137500,0,1,0,0,0,1
8,2077,1,2097,3,423000,1,0,0,0,0,1
8,1406,1,1936,2,230500,0,1,0,0,0,1
6,1021,1,2380,2,129000,0,0,1,0,0,1
6,1408,1,1679,2,193500,0,1,0,0,0,1
5,1188,1,1437,2,168000,0,0,1,0,0,1
4,700,1,1180,1,137500,0,0,1,0,0,1
6,738,1,1476,2,173500,1,0,0,0,0,1
6,672,0,1369,1,103600,0,0,1,0,0,1
6,1208,1,1208,2,165000,0,1,0,0,0,1
6,1477,1,1839,2,257500,1,0,0,0,0,1
6,1136,1,1136,1,140000,0,1,0,0,0,1
6,855,1,1441,2,148500,0,0,1,0,0,1
4,1095,0,1774,3,87000,0,0,1,1,0,0
5,768,1,792,1,109500,0,0,1,1,0,0
8,2046,1,2046,3,372500,1,0,0,0,0,1
5,988,1,988,2,128500,0,0,1,0,0,1
6,923,1,923,1,143000,0,1,0,0,0,1
5,793,1,1520,1,159434,0,0,1,0,0,1
6,1291,1,1291,2,173000,0,0,1,0,0,1
9,1626,1,1668,3,285000,1,0,0,0,0,1
7,1195,1,1839,2,221000,1,0,0,0,0,1
7,1190,1,2090,2,207500,1,0,0,0,0,1
7,874,1,1761,2,227875,1,0,0,0,0,1
7,551,1,1102,2,148800,0,0,1,0,0,1
8,1419,1,1419,2,392000,0,1,0,0,0,1
6,1362,1,1362,2,194700,0,1,0,0,0,1
6,848,1,848,2,141000,0,1,0,0,0,1
10,2444,1,4316,3,755000,1,0,0,0,0,1
7,1210,1,2519,2,335000,0,1,0,0,0,1
5,1073,1,1073,1,108480,0,0,1,0,0,1
5,927,1,1539,2,141500,0,0,1,0,0,1
6,1112,1,1137,2,176000,0,0,1,0,0,1
5,616,1,616,1,89000,0,0,1,0,0,1
5,980,1,1148,1,123500,0,0,1,0,0,1
5,894,1,894,1,138500,0,0,1,0,0,1
7,1391,1,1391,2,196000,0,1,0,0,0,1
8,1800,1,1800,3,312500,1,0,0,0,0,1
7,1164,1,1164,2,140000,0,0,1,0,0,1
8,1234,1,2576,3,361919,1,0,0,0,0,1
5,360,1,1812,2,140000,0,0,1,1,0,0
7,1473,1,1484,2,213000,0,1,0,0,0,1
4,0,0,1092,0,55000,0,0,0,1,0,0
7,1643,1,1824,2,302000,0,0,1,0,0,1
8,1324,1,1324,2,254000,1,0,0,0,0,1
7,728,1,1456,2,179540,1,0,0,0,0,1
5,876,1,904,1,109900,0,0,1,0,0,1
3,270,1,729,0,52000,0,0,0,1,0,0
4,859,1,1178,1,102776,0,1,0,1,0,0
8,1228,1,1228,2,189000,1,0,0,0,0,1
4,960,0,960,2,129000,0,0,1,0,0,1
6,725,1,1479,2,130500,0,1,0,0,0,1
6,1064,1,1350,2,165000,0,1,0,0,0,1
7,718,1,2554,2,159500,0,0,1,0,1,0
5,1176,1,1178,2,157000,0,0,1,0,0,1
7,1311,1,2418,3,341000,0,1,0,0,0,1
5,971,1,971,1,128500,0,0,1,0,0,1
8,1742,1,1742,2,275000,0,1,0,0,0,1
6,848,1,848,2,143000,0,1,0,0,0,1
4,864,1,864,2,124500,0,0,1,0,0,1
4,941,1,1470,1,135000,0,0,1,0,0,1
9,1698,1,1698,3,320000,1,0,0,0,0,1
4,864,1,864,2,120500,0,0,1,0,0,1
6,880,1,1680,2,222000,1,0,0,0,0,1
7,1232,1,1232,2,194500,0,1,0,0,0,1
5,1584,1,1776,3,110000,0,0,1,0,0,1
4,780,1,1208,2,103000,0,0,1,0,0,1
8,1595,1,1616,2,236500,0,1,0,0,0,1
7,868,1,1146,2,187500,1,0,0,0,0,1
7,1153,1,2031,2,222500,1,0,0,0,0,1
5,864,1,1144,1,131400,0,1,0,0,0,1
5,948,1,948,1,108000,0,0,1,0,0,1
7,880,0,1768,2,163000,0,0,1,1,0,0
3,0,0,1040,2,93500,0,0,1,0,0,1
8,893,1,1801,3,239900,1,0,0,0,0,1
5,1200,1,1200,0,179000,0,0,0,0,0,1
7,864,1,1728,2,190000,0,1,0,0,0,1
5,264,1,1432,2,132000,0,0,1,0,0,1
6,912,1,912,1,142000,0,0,1,0,0,1
7,1349,1,1349,2,179000,0,0,1,0,0,1
5,520,1,1464,2,175000,0,1,0,0,0,1
8,1337,1,1337,2,180000,0,1,0,0,0,1
8,1142,1,2715,2,299800,1,0,0,0,0,1
7,952,1,2256,2,236000,1,0,0,0,0,1
7,1240,0,2640,4,265979,0,0,1,1,0,0
7,1720,1,1720,2,260400,1,0,0,0,0,1
4,0,0,1529,1,98000,0,0,1,1,0,0
4,576,1,1140,0,96500,0,0,0,1,0,0
7,660,1,1320,2,162000,1,0,0,0,0,1
6,1479,1,1494,2,217000,0,1,0,0,0,1
8,1030,1,2098,3,275500,0,1,0,0,0,1
6,1026,1,1026,2,156000,0,1,0,0,0,1
6,729,1,1471,2,172500,0,0,1,0,0,1
8,866,1,1768,2,212000,0,1,0,0,0,1
6,672,1,1386,2,158900,1,0,0,0,0,1
7,744,1,1501,2,179400,0,0,1,0,0,1
8,1318,1,2531,3,290000,0,1,0,0,0,1
6,864,1,864,1,127500,0,0,1,0,0,1
5,1145,1,1301,2,100000,0,0,1,0,0,1
7,756,1,1547,2,215200,0,0,1,0,0,1
8,1252,1,2365,3,337000,0,1,0,0,0,1
8,1494,1,1494,2,270000,1,0,0,0,0,1
9,1498,1,1506,2,264132,1,0,0,0,0,1
7,980,1,1714,2,196500,0,0,1,0,0,1
6,983,1,1750,1,160000,0,0,1,0,0,1
7,1860,1,1836,2,216837,1,0,0,0,0,1
8,1650,1,3279,3,538000,1,0,0,0,0,1
5,858,1,858,2,134900,0,0,1,0,0,1
4,836,1,1220,2,102000,0,0,1,0,0,1
6,1029,1,1117,2,107000,0,0,1,0,0,1
5,912,1,912,1,114500,0,1,0,0,0,1
8,1935,1,1973,3,395000,1,0,0,0,0,1
6,1204,1,1204,2,162000,1,0,0,0,0,1
7,1614,1,1614,3,221500,0,1,0,0,0,1
5,864,1,894,2,142500,0,0,1,0,0,1
5,0,1,2020,2,144000,0,0,1,0,0,1
6,975,1,1004,2,135000,0,0,1,0,0,1
7,1237,1,1253,2,176000,1,0,0,0,0,1
6,761,1,1603,2,175900,0,1,0,0,0,1
7,1413,1,1430,2,187100,0,1,0,0,0,1
5,1097,1,1110,2,165500,1,0,0,0,0,1
6,742,1,1484,0,128000,0,0,0,0,0,1
6,1372,1,1342,2,161500,0,0,1,0,0,1
5,686,1,1652,1,139000,0,0,1,0,0,1
7,956,1,2084,2,233000,0,1,0,0,0,1
4,901,1,901,1,107900,0,0,1,0,0,1
6,832,1,2087,2,187500,1,0,0,0,0,1
7,1145,1,1145,2,160200,1,0,0,0,0,1
6,1029,1,1062,2,146800,0,1,0,0,0,1
7,1117,1,2013,2,269790,0,0,1,0,0,1
8,1496,1,1496,2,225000,1,0,0,0,0,1
7,712,1,1895,2,194500,1,0,0,0,0,1
6,650,1,1564,2,171000,0,0,1,0,0,1
6,660,1,1285,2,143500,0,1,0,0,0,1
5,773,1,773,1,110000,0,0,1,0,0,1
9,1926,1,3140,3,485000,1,0,0,0,0,1
5,731,1,1768,1,175000,0,0,1,0,0,1
6,616,1,1688,2,200000,0,1,0,0,0,1
4,1196,1,1196,2,109900,0,0,1,0,0,1
7,728,1,1456,2,189000,1,0,0,0,0,1
9,1734,1,2822,3,582933,0,1,0,0,0,1
5,936,1,1128,1,118000,0,0,1,0,0,1
7,1417,1,1428,2,227680,0,1,0,0,0,1
5,980,1,980,1,135500,1,0,0,0,0,1
5,1324,1,1576,2,223500,0,1,0,0,0,1
5,1024,1,1086,2,159950,0,1,0,0,0,1
5,849,0,2138,2,106000,0,0,1,1,0,0
6,1040,1,1309,2,181000,0,1,0,0,0,1
6,848,1,848,2,144500,1,0,0,0,0,1
5,540,0,1044,2,55993,0,0,1,1,0,0
6,1442,1,1442,1,157900,0,1,0,0,0,1
5,686,1,1250,1,116000,0,0,1,0,1,0
7,1649,1,1661,2,224900,0,1,0,0,0,1
5,1008,1,1008,1,137000,0,1,0,0,0,1
8,1568,1,1689,3,271000,0,1,0,0,0,1
6,1010,1,1052,2,155000,0,0,1,0,0,1
7,1358,1,1358,2,224000,0,1,0,0,0,1
7,798,1,1640,2,183000,0,1,0,0,0,1
4,936,0,936,2,93000,0,0,1,0,0,1
7,847,1,1733,2,225000,1,0,0,0,0,1
6,778,1,1489,1,139500,0,0,1,0,0,1
8,1489,1,1489,2,232600,0,1,0,0,0,1
10,2078,1,2084,3,385000,1,0,0,0,0,1
5,784,1,784,0,109500,0,0,0,0,0,1
7,1454,1,1434,2,189000,0,1,0,0,0,1
5,1013,1,2126,2,185000,1,0,0,0,0,1
7,600,1,1223,2,147400,0,1,0,0,0,1
6,1392,1,1392,2,166000,0,1,0,0,0,1
7,600,1,1200,2,151000,0,1,0,0,0,1
7,941,1,1829,2,237000,0,1,0,0,0,1
6,1516,1,1516,2,167000,0,1,0,0,0,1
5,1144,1,1144,2,139950,0,0,1,0,0,1
4,1067,1,1067,2,128000,0,0,1,0,0,1
5,1559,1,1559,2,153500,0,0,1,0,0,1
6,483,1,987,1,100000,0,0,1,0,0,1
5,1099,1,1099,1,144000,0,0,1,0,0,1
5,768,1,1200,1,130500,0,0,1,0,0,1
6,672,0,1482,1,140000,0,0,1,0,1,0
5,650,1,1539,2,157500,0,0,1,0,1,0
6,1127,1,1165,2,174900,0,1,0,0,0,1
5,1800,0,1800,0,141000,0,0,0,0,0,1
5,876,1,1416,3,153900,0,0,1,0,0,1
5,1390,1,1701,2,171000,1,0,0,0,0,1
7,740,1,1775,2,213000,0,0,1,0,0,1
5,864,1,864,1,133500,0,0,1,0,0,1
6,907,1,2358,2,240000,0,0,1,0,0,1
6,528,1,1855,2,187000,0,1,0,0,0,1
6,848,1,848,2,131500,1,0,0,0,0,1
8,1273,1,1456,2,215000,1,0,0,0,0,1
7,918,1,1646,1,164000,0,0,1,0,0,1
6,1127,1,1445,2,158000,0,1,0,0,0,1
5,1763,1,1779,2,170000,0,0,1,0,0,1
5,1040,1,1040,1,127000,0,0,1,0,0,1
6,940,1,1026,2,147000,0,0,1,0,0,1
6,702,1,1481,2,174000,1,0,0,0,0,1
7,1090,1,1370,2,152000,0,1,0,0,0,1
6,1054,1,2654,2,250000,0,0,1,0,0,1
7,912,1,1426,1,189950,0,0,1,0,0,1
5,1039,1,1039,2,131500,0,0,1,0,0,1
6,1040,1,1097,2,152000,0,0,1,0,0,1
5,1148,1,1148,1,132500,0,0,1,0,0,1
7,1372,1,1372,2,250580,1,0,0,0,0,1
5,1002,1,1002,2,148500,0,0,1,0,0,1
8,1638,1,1646,3,248900,0,1,0,0,0,1
4,1040,1,1120,2,129000,0,1,0,0,0,1
5,0,1,2320,2,169000,0,0,1,0,1,0
7,1050,1,1949,2,236000,1,0,0,0,0,1
5,894,0,894,1,109500,0,0,1,0,0,1
6,804,1,1682,2,200500,0,1,0,0,0,1
5,105,1,910,2,116000,0,0,1,0,0,1
5,832,1,1268,1,133000,0,0,1,0,0,1
5,676,1,1131,1,66500,0,0,1,0,0,1
8,1184,1,2610,2,303477,1,0,0,0,0,1
4,1064,1,1040,2,132250,0,0,1,0,0,1
9,1462,1,2224,3,350000,1,0,0,0,0,1
5,1109,1,1155,2,148000,0,0,1,0,0,1
5,864,1,864,1,136500,0,0,1,0,0,1
5,1090,1,1090,2,157000,1,0,0,0,0,1
7,1156,1,1717,2,187500,0,1,0,0,0,1
6,808,1,1593,2,178000,0,1,0,0,0,1
4,795,0,2230,1,118500,0,0,1,0,0,1
5,892,1,892,1,100000,0,1,0,0,0,1
9,1698,1,1709,2,328900,1,0,0,0,0,1
5,1626,1,1712,2,145000,1,0,0,0,0,1
5,816,1,1393,1,135500,0,0,1,0,0,1
8,2217,1,2217,2,268000,0,0,1,0,0,1
6,1505,1,1505,2,149500,0,1,0,0,0,1
5,672,1,924,2,122900,0,0,1,0,0,1
6,918,1,1683,2,172500,0,1,0,0,0,1
6,1059,1,1068,1,154500,0,1,0,0,0,1
5,1383,1,1383,1,165000,0,0,1,0,0,1
5,0,1,1535,2,118858,0,0,1,0,0,1
6,780,1,1796,2,140000,0,1,0,0,0,1
4,951,0,951,1,106500,0,0,1,0,0,1
5,0,1,2240,2,142953,0,0,1,0,0,1
9,2330,1,2364,3,611657,1,0,0,0,0,1
5,912,1,1236,1,135000,0,0,1,0,0,1
4,858,1,858,1,110000,0,0,1,0,0,1
5,992,1,1306,1,153000,0,0,1,0,0,1
7,783,1,1509,2,180000,1,0,0,0,0,1
7,1670,1,1670,3,240000,0,1,0,0,0,1
5,876,1,902,1,125500,0,0,1,0,0,1
5,1056,1,1063,1,128000,0,1,0,0,0,1
8,1623,1,1636,3,255000,0,1,0,0,0,1
7,1017,1,2057,1,250000,1,0,0,0,0,1
5,864,1,902,2,131000,0,0,1,0,0,1
6,742,1,1484,2,174000,1,0,0,0,0,1
5,1105,1,2274,2,154300,0,0,1,0,0,1
5,1268,1,1268,1,143500,0,0,1,0,0,1
5,768,0,1015,1,88000,0,0,1,0,0,1
5,1001,0,2002,3,145000,0,0,1,0,0,1
6,612,1,1224,2,173733,0,1,0,0,0,1
4,546,1,1092,1,75000,0,0,1,0,0,1
2,480,0,480,1,35311,0,0,1,0,0,1
4,1134,1,1229,1,135000,0,1,0,0,0,1
7,1104,1,2127,3,238000,0,1,0,0,0,1
6,1184,1,1414,2,176500,0,0,1,0,0,1
6,928,1,1721,2,201000,0,1,0,0,0,1
5,1272,1,2200,0,145900,0,0,0,1,0,0
6,1316,1,1316,2,169990,1,0,0,0,0,1
6,1604,1,1617,2,193000,0,1,0,0,0,1
6,1686,1,1686,2,207500,0,0,1,0,0,1
5,1126,1,1126,2,175000,0,1,0,0,0,1
8,1181,1,2374,3,285000,1,0,0,0,0,1
7,832,1,1978,2,176000,0,1,0,0,0,1
8,1753,1,1788,2,236500,0,1,0,0,0,1
7,964,1,2236,2,222000,1,0,0,0,0,1
8,1466,1,1466,3,201000,1,0,0,0,0,1
5,925,1,925,1,117500,0,0,1,0,0,1
9,1905,1,1905,3,320000,1,0,0,0,0,1
7,1500,1,1500,2,190000,0,1,0,0,0,1
7,585,1,2069,2,242000,0,1,0,0,0,1
4,600,1,747,2,79900,0,0,1,0,0,1
7,1176,1,1200,2,184900,0,1,0,0,0,1
7,1113,1,1971,2,253000,0,1,0,0,0,1
7,1391,1,1962,3,239799,0,1,0,0,0,1
7,1032,1,2403,1,244400,0,0,1,0,0,1
6,1728,1,1728,2,150900,0,0,1,0,0,1
7,992,1,2060,2,214000,0,1,0,0,0,1
4,1440,1,1440,0,150000,0,0,0,1,0,0
5,1632,1,1632,2,143000,0,0,1,0,1,0
6,819,1,1344,2,137500,0,1,0,0,0,1
5,1088,1,1869,2,124900,0,0,1,0,0,1
5,1144,1,1144,1,143000,0,1,0,0,0,1
8,1616,1,1629,3,270000,1,0,0,0,0,1
7,936,1,1776,2,192500,0,1,0,0,0,1
6,1161,1,1381,2,197500,0,1,0,0,0,1
5,864,1,864,2,129000,0,1,0,0,0,1
5,828,1,965,1,119900,0,0,1,0,0,1
5,768,1,768,1,133900,1,0,0,0,0,1
5,784,1,1968,2,172000,0,1,0,0,0,1
6,945,1,980,0,127500,0,0,0,0,0,1
6,979,0,1958,2,145000,0,0,1,0,0,1
6,561,1,1229,2,124000,1,0,0,0,0,1
5,1057,1,1057,2,132000,1,0,0,0,0,1
7,1337,1,1337,2,185000,0,1,0,0,0,1
7,696,1,1416,2,155000,0,0,1,0,0,1
5,858,1,858,0,116500,0,0,0,0,0,1
6,1330,1,2872,2,272000,1,0,0,0,0,1
6,804,1,1548,2,155000,0,0,1,0,0,1
9,1800,1,1800,2,239000,1,0,0,0,0,1
7,817,1,1894,2,214900,1,0,0,0,0,1
6,783,1,1484,2,178900,1,0,0,0,0,1
5,728,1,1308,1,160000,0,0,1,0,0,1
5,1098,1,1098,1,135000,0,0,1,0,0,1
3,600,0,968,0,37900,0,0,0,0,0,1
6,588,1,1095,1,140000,0,1,0,0,0,1
4,720,0,1192,0,135000,0,0,0,0,0,1
7,764,1,1626,2,173000,0,1,0,0,0,1
6,918,1,918,1,99500,0,0,1,0,0,1
7,1428,1,1428,2,182000,1,0,0,0,0,1
7,728,0,2019,2,167500,0,0,1,0,0,1
7,673,1,1382,2,165000,0,0,1,0,0,1
4,440,1,869,0,85500,0,0,0,0,0,1
7,1241,1,1241,2,199900,1,0,0,0,0,1
4,894,1,894,2,110000,0,0,1,0,0,1
5,1121,1,1121,2,139000,0,0,1,0,0,1
7,944,1,999,2,178400,0,1,0,0,0,1
8,1225,1,2612,3,336000,1,0,0,0,0,1
7,1266,1,1266,2,159895,1,0,0,0,0,1
8,1128,1,2290,2,255900,0,0,1,0,0,1
5,0,1,1734,2,126000,0,0,1,0,0,1
5,1164,0,1164,1,125000,0,0,1,0,0,1
6,485,1,1635,1,117000,0,0,1,0,0,1
9,1930,1,1940,3,395192,1,0,0,0,0,1
6,848,1,2030,2,195000,1,0,0,0,0,1
7,770,1,1576,2,197000,0,1,0,0,0,1
8,1396,1,2392,3,348000,1,0,0,0,0,1
8,916,1,1742,2,168000,0,0,1,0,1,0
6,822,1,1851,2,187000,0,1,0,0,0,1
6,750,1,1500,2,173900,0,1,0,0,0,1
10,1700,1,1718,3,337500,1,0,0,0,0,1
4,747,1,1230,1,121600,0,0,1,0,0,1
5,1050,1,1050,1,136500,0,0,1,0,0,1
6,1442,1,1442,2,185000,0,1,0,0,0,1
3,1007,0,1077,1,91000,0,0,1,0,1,0
7,1187,1,1208,2,206000,0,1,0,0,0,1
3,0,0,944,2,82000,0,0,1,0,0,1
5,691,1,691,1,86000,0,0,1,1,0,0
8,1574,1,1574,3,232000,0,1,0,0,0,1
5,1680,1,1680,2,136905,0,0,1,0,0,1
7,1346,1,1504,2,181000,1,0,0,0,0,1
5,985,1,985,1,149900,0,0,1,0,0,1
6,1657,1,1657,2,163500,0,0,1,0,0,1
4,546,1,1092,1,88000,0,1,0,0,0,1
7,1710,1,1710,2,240000,1,0,0,0,0,1
5,1008,1,1522,0,102000,0,0,0,0,1,0
5,720,1,1271,1,135000,0,0,1,0,0,1
5,0,0,1664,0,100000,0,0,0,0,0,1
6,602,1,1502,1,165000,0,0,1,0,0,1
5,1022,0,1022,1,85000,0,0,1,0,0,1
6,1082,1,1082,1,119200,0,0,1,0,0,1
8,810,1,1665,2,227000,1,0,0,0,0,1
7,1504,1,1504,2,203000,1,0,0,0,0,1
8,1220,1,1360,2,187500,0,1,0,0,0,1
7,384,1,1472,2,160000,0,1,0,0,0,1
7,1362,1,1506,2,213490,1,0,0,0,0,1
4,1132,1,1132,2,176000,1,0,0,0,0,1
7,1199,1,1220,2,194000,0,1,0,0,0,1
5,912,1,1248,1,87000,0,0,1,0,0,1
7,1346,1,1504,2,191000,1,0,0,0,0,1
8,1565,1,2898,2,287000,1,0,0,0,0,1
5,882,1,882,2,112500,0,0,1,0,0,1
5,1268,1,1264,2,167500,0,0,1,0,0,1
8,1638,1,1646,3,293077,0,1,0,0,0,1
5,768,1,1376,1,105000,0,0,1,0,0,1
6,672,1,1218,1,118000,0,0,1,0,0,1
5,686,1,1928,0,160000,0,0,0,1,0,0
7,824,1,3082,2,197000,1,0,0,0,0,1
8,1338,1,2520,3,310000,0,1,0,0,0,1
7,1654,1,1654,3,230000,0,0,1,0,0,1
5,920,1,954,1,119750,0,0,1,0,0,1
4,0,0,845,1,84000,0,0,1,1,0,0
9,1620,1,1620,3,315500,1,0,0,0,0,1
8,1055,1,2263,2,287000,1,0,0,0,0,1
4,546,1,1344,0,97000,0,0,0,0,0,1
4,630,1,630,1,80000,0,0,1,0,0,1
5,1134,1,1803,2,155000,0,1,0,0,0,1
6,800,1,1632,2,173000,0,0,1,0,0,1
6,1306,1,1306,2,196000,0,1,0,0,0,1
7,1475,1,2329,2,262280,0,0,1,0,0,1
8,2524,1,2524,2,278000,1,0,0,0,0,1
3,0,1,1733,2,139600,0,0,1,0,0,1
9,1992,1,2868,3,556581,1,0,0,0,0,1
5,990,1,990,2,145000,0,0,1,0,0,1
5,0,1,1771,2,115000,0,0,1,0,0,1
4,0,1,930,1,84900,0,0,1,0,0,1
7,1302,1,1302,2,176485,1,0,0,0,0,1
7,1316,1,1316,2,200141,1,0,0,0,0,1
6,816,1,1977,2,165000,0,1,0,0,0,1
5,1216,1,1526,1,144500,0,0,1,0,0,1
8,1065,1,1989,2,255000,1,0,0,0,0,1
6,1193,1,1523,2,180000,1,0,0,0,0,1
7,1364,1,1364,2,185850,0,1,0,0,0,1
7,973,1,1850,2,248000,1,0,0,0,0,1
9,1104,1,2184,3,335000,1,0,0,0,0,1
6,854,1,1991,2,220000,0,0,1,0,0,1
8,1338,1,1338,2,213500,1,0,0,0,0,1
3,894,1,894,3,81000,0,1,0,0,0,1
5,662,0,2337,2,90000,0,0,1,0,0,1
6,1103,1,1103,2,110500,0,0,1,0,0,1
5,1154,1,1154,2,154000,0,1,0,0,0,1
7,1306,1,2260,2,328000,0,1,0,0,0,1
6,799,1,1571,2,178000,0,1,0,0,0,1
6,780,1,1611,2,167900,0,1,0,0,0,1
6,942,1,2521,2,151400,1,0,0,0,0,1
5,845,1,893,2,135000,0,0,1,0,0,1
5,1048,1,1048,1,135000,0,0,1,0,0,1
6,727,1,1556,2,154000,0,0,1,0,0,1
5,810,1,1456,1,91500,0,0,1,0,1,0
6,690,1,1426,2,159500,1,0,0,0,0,1
7,1240,1,1240,3,194000,0,1,0,0,0,1
7,800,1,1740,1,219500,0,0,1,0,0,1
5,796,1,1466,2,170000,0,0,1,0,0,1
5,1096,1,1096,1,138800,1,0,0,0,0,1
6,848,1,848,2,155900,0,1,0,0,0,1
5,990,1,990,1,126000,0,0,1,0,0,1
6,1258,1,1258,2,145000,0,1,0,0,0,1
5,1040,1,1040,1,133000,1,0,0,0,0,1
7,1459,1,1459,2,192000,0,1,0,0,0,1
6,1251,1,1251,1,160000,0,1,0,0,0,1
6,691,1,1498,2,187500,1,0,0,0,0,1
6,936,1,996,2,147000,0,0,1,0,0,1
4,546,1,1092,1,83500,0,1,0,0,0,1
8,1082,1,1953,3,252000,0,1,0,0,0,1
7,970,1,1709,2,137500,0,0,1,0,0,1
8,1247,1,1247,2,197000,1,0,0,0,0,1
3,0,0,1040,2,92900,0,0,1,0,0,1
7,600,1,1252,2,160000,0,0,1,0,0,1
6,1181,1,1694,2,136500,0,0,1,0,0,1
5,864,1,1200,2,146000,0,0,1,0,0,1
5,936,1,936,1,129000,1,0,0,0,0,1
6,1314,1,1314,2,176432,0,1,0,0,0,1
6,684,1,1355,0,127000,0,0,0,0,0,1
8,1074,1,1088,2,170000,0,1,0,0,0,1
4,672,1,1324,1,128000,0,0,1,0,0,1
7,1271,1,1601,2,157000,0,1,0,0,0,1
2,290,0,438,1,60000,0,0,1,1,0,0
5,950,1,950,1,119500,0,0,1,0,0,1
5,1010,1,1134,1,135000,0,1,0,0,0,1
6,655,1,1194,2,159500,1,0,0,0,0,1
5,630,1,1302,2,106000,0,0,1,0,0,1
8,1463,1,2622,2,325000,0,1,0,0,0,1
7,910,1,1442,2,179900,1,0,0,0,0,1
7,868,1,2021,2,274725,0,1,0,0,0,1
6,924,1,1690,2,181000,0,1,0,0,0,1
8,1836,1,1836,3,280000,1,0,0,0,0,1
6,773,1,1658,2,188000,1,0,0,0,0,1
7,803,1,1964,2,205000,0,1,0,0,0,1
5,816,1,816,1,129900,0,0,1,0,0,1
5,1008,1,1008,1,134500,0,0,1,0,0,1
5,833,1,833,1,117000,0,0,1,0,0,1
8,1734,1,1734,3,318000,0,1,0,0,0,1
8,408,1,1419,2,184100,1,0,0,0,0,1
5,894,1,894,2,130000,0,1,0,0,0,1
5,533,1,1601,1,140000,0,1,0,0,0,1
5,1040,1,1040,1,133700,0,1,0,0,0,1
6,1012,1,1012,1,118400,0,0,1,0,0,1
7,1552,1,1552,3,212900,0,1,0,0,0,1
4,672,1,960,1,112000,0,0,1,0,0,1
5,698,1,698,0,118000,0,0,0,0,0,1
7,384,1,1482,2,163900,1,0,0,0,0,1
4,1005,1,1005,2,115000,0,0,1,0,0,1
7,1373,1,1555,3,174000,1,0,0,0,0,1
7,1530,1,1530,3,259000,1,0,0,0,0,1
7,847,1,1959,2,215000,1,0,0,0,0,1
5,936,1,936,2,140000,0,0,1,0,0,1
4,1122,1,1981,2,135000,0,0,1,0,0,1
5,974,1,974,0,93500,0,0,0,0,0,1
6,1008,1,2210,1,117500,0,0,1,1,0,0
8,1128,1,2020,2,239500,0,1,0,0,0,1
6,916,1,1600,2,169000,1,0,0,0,0,1
6,960,0,986,1,102000,0,0,1,0,0,1
6,1032,1,1252,1,119000,0,0,1,0,0,1
5,780,0,1020,0,94000,0,0,0,1,0,0
6,1567,1,1567,2,196000,0,1,0,0,0,1
5,915,1,1167,2,144000,0,0,1,0,0,1
5,952,1,952,2,139000,0,0,1,0,0,1
5,780,1,1868,2,197500,0,0,1,0,0,1
8,1466,1,2828,3,424870,0,1,0,0,0,1
5,1006,1,1006,0,80000,0,0,0,0,0,1
4,672,0,924,1,80000,0,0,1,0,0,1
5,1042,1,1576,1,149000,0,0,1,0,0,1
6,1298,1,1298,2,180000,0,0,1,0,0,1
7,704,1,1564,1,174500,0,0,1,0,0,1
7,572,1,1111,1,116900,0,0,1,0,0,1
7,650,1,1482,2,143000,0,0,1,0,0,1
6,932,1,932,1,124000,0,0,1,0,0,1
5,1466,1,1466,2,149900,1,0,0,0,0,1
6,1073,1,1811,2,230000,1,0,0,0,0,1
6,816,1,816,1,120500,0,0,1,0,0,1
7,864,1,1820,2,201800,0,0,1,0,0,1
5,1437,1,1437,2,218000,0,1,0,0,0,1
5,1219,1,1265,2,179900,0,1,0,0,0,1
7,1314,1,1314,2,230000,0,1,0,0,0,1
8,1580,1,1580,3,235128,0,1,0,0,0,1
6,901,1,1876,2,185000,0,1,0,0,0,1
6,855,1,1456,2,146000,0,0,1,0,0,1
6,1296,1,1640,2,224000,0,0,1,0,0,1
5,894,1,894,2,129000,1,0,0,0,0,1
4,1198,1,1258,2,108959,0,0,1,0,0,1
5,1360,1,1432,2,194000,0,0,1,0,0,1
7,1502,1,1502,2,233170,0,1,0,0,0,1
8,1694,1,1694,3,245350,0,1,0,0,0,1
6,959,1,1671,2,173000,1,0,0,0,0,1
6,1127,1,2108,2,235000,0,0,1,0,0,1
10,1930,1,3627,3,625000,1,0,0,0,0,1
6,1096,1,1118,1,171000,1,0,0,0,0,1
6,1261,1,1261,2,163000,0,1,0,0,0,1
7,625,1,1250,2,171900,1,0,0,0,0,1
5,1598,1,3086,0,200500,0,0,0,0,0,1
6,952,1,2345,2,239000,0,0,1,0,0,1
8,1683,1,2872,2,285000,1,0,0,0,0,1
5,876,1,923,1,119500,0,0,1,0,0,1
6,818,1,1224,1,115000,0,0,1,1,0,0
5,731,1,1343,1,154900,0,0,1,0,0,1
5,0,1,1124,0,93000,0,0,0,1,0,0
7,1216,1,2514,2,250000,1,0,0,0,0,1
8,1600,1,1652,2,392500,1,0,0,0,0,1
10,2396,1,4476,3,745000,1,0,0,0,0,1
5,1120,1,1130,2,120000,0,0,1,0,0,1
5,1572,1,1572,3,186700,0,1,0,0,0,1
5,784,1,1221,1,104900,0,0,1,0,0,1
3,978,1,1699,2,95000,0,0,1,0,0,1
8,1624,1,1624,3,262000,0,1,0,0,0,1
7,831,1,1660,2,195000,0,1,0,0,0,1
7,994,1,1804,2,189000,1,0,0,0,0,1
4,1249,1,1622,4,168000,1,0,0,0,0,1
8,776,1,1441,2,174000,0,0,1,0,0,1
5,702,1,1472,1,125000,0,0,1,0,1,0
6,1224,1,1224,2,165000,1,0,0,0,0,1
6,663,1,1352,1,158000,1,0,0,0,0,1
6,728,1,1456,2,176000,1,0,0,0,0,1
7,879,1,1863,3,219210,1,0,0,0,0,1
7,815,1,1690,1,144000,0,0,1,0,0,1
7,1212,1,1212,2,178000,0,1,0,0,0,1
4,1051,1,1382,2,148000,0,0,1,0,0,1
4,864,1,864,1,116050,0,0,1,0,0,1
7,866,1,1779,2,197900,0,1,0,0,0,1
5,884,1,1348,1,117000,0,0,1,1,0,0
7,1630,1,1630,2,213000,0,0,1,0,0,1
5,1056,1,1074,2,153500,0,1,0,0,0,1
7,2158,1,2196,3,271900,0,1,0,0,0,1
4,1056,1,1056,1,107000,0,0,1,0,0,1
6,1682,1,1700,2,200000,0,1,0,0,0,1
5,931,1,1283,2,140000,0,0,1,0,0,1
8,1660,1,1660,2,290000,0,1,0,0,0,1
6,1055,1,1845,2,189000,0,1,0,0,0,1
8,559,1,1752,2,164000,0,1,0,0,0,1
4,672,1,672,1,113000,0,0,1,1,0,0
4,648,1,960,1,145000,0,0,1,0,0,1
5,925,1,999,1,134500,0,0,1,0,0,1
5,894,1,894,1,125000,0,1,0,0,0,1
6,0,1,1902,2,112000,0,0,1,0,0,1
8,1300,1,1314,2,229456,0,1,0,0,0,1
4,0,0,912,0,80500,0,0,0,1,0,0
6,672,1,1218,0,91500,0,0,0,1,0,0
5,912,1,912,1,115000,0,0,1,0,0,1
5,952,1,1211,1,134000,0,0,1,0,0,1
6,1040,1,1846,1,143000,0,0,1,0,0,1
5,2136,0,2136,2,137900,0,0,1,0,0,1
7,788,1,1490,2,184000,1,0,0,0,0,1
6,588,1,1138,1,145000,0,1,0,0,0,1
6,894,1,1933,3,214000,1,0,0,0,0,1
5,912,1,912,2,147000,0,0,1,0,0,1
9,1702,1,1702,3,367294,1,0,0,0,0,1
5,1075,1,1507,1,127000,0,0,1,0,0,1
5,1361,1,2620,2,190000,0,1,0,1,0,0
5,1106,1,1190,2,132500,0,0,1,0,0,1
4,0,1,1224,2,101800,0,0,1,0,0,1
5,1188,1,1188,2,142000,0,1,0,0,0,1
5,940,0,1964,0,130000,0,0,0,1,0,0
5,747,1,1784,1,138887,0,0,1,1,0,0
7,764,1,1626,2,175500,0,1,0,0,0,1
7,847,1,1948,2,195000,1,0,0,0,0,1
6,1141,1,1141,2,142500,0,0,1,0,0,1
8,1476,1,1484,2,265900,0,1,0,0,0,1
7,884,1,1768,2,224900,0,1,0,0,0,1
7,1689,1,1689,3,248328,0,1,0,0,0,1
7,1053,1,1173,2,170000,0,1,0,0,0,1
10,2076,1,2076,3,465000,1,0,0,0,0,1
8,792,1,1517,2,230000,0,0,1,0,0,1
6,585,1,1868,2,178000,1,0,0,0,0,1
7,756,1,1553,2,186500,0,1,0,0,0,1
6,1012,1,1034,3,169900,0,0,1,0,0,1
6,735,0,2058,2,129500,0,0,1,0,1,0
5,876,1,988,1,119000,0,0,1,0,0,1
7,2110,1,2110,2,244000,1,0,0,0,0,1
7,1405,1,1405,2,171750,0,1,0,0,0,1
5,864,1,874,1,130000,0,1,0,0,0,1
7,1192,1,2167,2,294000,0,1,0,0,0,1
7,746,1,1656,2,165400,1,0,0,0,0,1
6,884,1,1367,1,127500,0,0,1,0,0,1
8,1986,1,1987,2,301500,1,0,0,0,0,1
5,864,1,864,0,99900,0,0,0,0,0,1
7,856,1,1166,2,190000,1,0,0,0,0,1
6,1054,1,1054,2,151000,0,0,1,0,0,1
6,841,1,1675,2,181000,1,0,0,0,0,1
5,1050,1,1050,1,128900,0,0,1,0,0,1
4,1104,1,1788,1,161500,0,0,1,0,0,1
6,764,1,1824,2,180500,0,0,1,1,0,0
6,1405,1,1337,2,181000,1,0,0,0,0,1
7,691,1,1452,2,183900,0,0,1,0,0,1
7,925,0,1889,1,122000,0,0,1,1,0,0
9,2002,1,2018,3,378500,1,0,0,0,0,1
8,728,1,3447,3,381000,0,0,1,0,0,1
5,874,1,1524,1,144000,0,0,1,0,0,1
7,1332,1,1524,2,260000,1,0,0,0,0,1
6,1489,1,1489,2,185750,0,1,0,0,0,1
5,935,1,935,1,137000,0,0,1,0,0,1
6,1019,1,1357,1,177000,0,1,0,0,0,1
5,661,1,1250,2,139000,0,0,1,0,0,1
5,928,1,1920,2,137000,0,0,1,0,0,1
6,723,1,1395,2,162000,0,0,1,0,0,1
6,1680,1,1724,2,197900,0,1,0,0,0,1
8,1128,1,2031,2,237000,0,1,0,0,0,1
4,698,1,1128,2,68400,0,1,0,0,0,1
7,1573,1,1573,2,227000,0,1,0,0,0,1
7,1309,1,1339,2,180000,1,0,0,0,0,1
5,1040,1,1040,2,150500,0,0,1,0,0,1
6,912,1,1824,0,139000,0,0,0,0,0,1
6,804,1,2447,1,169000,0,0,1,0,0,1
6,780,1,1412,1,132500,0,0,1,0,0,1
6,1328,1,1328,2,143000,0,0,1,0,0,1
5,1624,1,1582,2,190000,0,0,1,1,0,0
8,1501,1,1659,2,278000,1,0,0,0,0,1
8,1085,1,1970,3,281000,1,0,0,0,0,1
5,1152,1,1152,2,180500,0,1,0,0,0,1
5,630,1,1302,1,119500,0,0,1,0,0,1
5,994,0,2372,1,107500,0,1,0,0,0,1
7,832,1,1664,2,162900,0,1,0,0,0,1
5,864,1,864,2,115000,0,0,1,1,0,0
5,1052,1,1052,1,138500,0,1,0,0,0,1
5,1120,1,1128,2,155000,0,1,0,0,0,1
6,547,1,1072,2,140000,1,0,0,0,0,1
10,6110,1,5642,2,160000,1,0,0,0,0,1
5,1246,1,1246,1,154000,0,1,0,0,0,1
7,978,1,1983,2,225000,1,0,0,0,0,1
6,771,1,1494,1,177500,0,0,1,0,1,0
8,1165,1,2526,3,290000,0,1,0,0,0,1
7,1616,1,1616,3,232000,0,1,0,0,0,1
7,976,1,1708,2,130000,0,0,1,0,0,1
9,1652,1,1652,2,325000,1,0,0,0,0,1
7,1368,1,1368,2,202500,0,1,0,0,0,1
5,990,1,990,2,138000,0,0,1,0,0,1
5,924,1,1122,2,147000,0,0,1,0,0,1
6,1278,1,1294,2,179200,0,1,0,0,0,1
7,1902,1,1902,2,335000,1,0,0,0,0,1
7,1274,1,1274,2,203000,0,1,0,0,0,1
8,1453,1,2810,2,302000,0,1,0,0,0,1
9,1393,1,2599,3,333168,1,0,0,0,0,1
4,948,1,948,1,119000,0,0,1,0,0,1
6,952,1,2112,2,206900,0,0,1,0,0,1
8,1622,1,1630,3,295493,0,1,0,0,0,1
7,1352,1,1352,2,208900,0,1,0,0,0,1
8,1753,1,1787,3,275000,0,1,0,0,0,1
4,864,1,948,1,111000,0,0,1,0,0,1
6,1478,1,1478,2,156500,0,1,0,0,0,1
3,0,0,720,1,72500,0,0,1,0,0,1
7,750,1,1923,2,190000,0,1,0,0,0,1
4,420,1,708,0,82500,0,0,0,0,0,1
8,1795,1,1795,3,147000,0,1,0,0,0,1
4,796,0,796,0,55000,0,0,0,1,0,0
3,544,1,774,0,79000,0,0,0,0,0,1
5,816,1,816,1,130500,0,0,1,0,0,1
6,1510,1,2792,2,256000,0,0,1,0,0,1
7,935,1,1632,2,176500,1,0,0,0,0,1
8,1588,1,1588,3,227000,0,1,0,0,0,1
5,911,1,954,2,132500,0,0,1,0,0,1
4,816,1,816,1,100000,0,0,1,0,0,1
5,803,1,1360,1,125500,0,0,1,0,0,1
5,765,1,1365,2,125000,0,0,1,0,0,1
6,1350,1,1334,2,167900,0,1,0,0,0,1
5,1656,1,1656,2,135000,0,0,1,0,0,1
4,693,0,693,0,52500,0,0,0,1,0,0
7,916,1,1861,2,200000,0,1,0,0,0,1
5,864,1,864,1,128500,0,1,0,0,0,1
4,858,1,872,4,123000,0,0,1,0,0,1
6,1114,1,1114,2,155000,0,0,1,0,0,1
8,1284,1,2169,2,228500,0,1,0,0,0,1
6,896,1,1913,2,177000,0,0,1,0,0,1
7,728,1,1456,2,155835,1,0,0,0,0,1
4,960,1,960,1,108500,0,0,1,0,0,1
7,1568,1,2156,2,262500,0,1,0,0,0,1
8,1732,1,1776,3,283463,1,0,0,0,0,1
7,1482,1,1494,2,215000,0,1,0,0,0,1
8,684,0,2358,0,122000,0,0,0,0,0,1
5,1248,1,2634,4,200000,0,0,1,0,0,1
6,858,1,1716,2,171000,1,0,0,0,0,1
6,698,1,1176,2,134900,0,0,1,1,0,0
8,2033,1,3238,3,410000,1,0,0,0,0,1
7,992,1,1865,3,235000,0,1,0,0,0,1
7,570,1,1920,2,170000,0,1,0,0,0,1
5,864,1,892,1,110000,0,1,0,0,0,1
5,1078,1,1078,2,149900,1,0,0,0,0,1
6,756,1,1573,2,177500,0,0,1,0,0,1
9,1980,1,1980,3,315000,1,0,0,0,0,1
5,612,1,2601,2,189000,0,1,0,0,0,1
7,1530,1,1530,2,260000,1,0,0,0,0,1
4,715,1,1738,1,104900,0,0,1,0,0,1
6,616,1,1412,2,156932,1,0,0,0,0,1
7,600,1,1200,2,144152,0,1,0,0,0,1
7,814,1,1674,2,216000,0,1,0,0,0,1
7,873,1,1790,2,193000,0,1,0,0,0,1
5,757,1,1475,1,127000,0,1,0,0,0,1
6,848,1,848,2,144000,1,0,0,0,0,1
8,1657,1,1668,2,232000,1,0,0,0,0,1
4,840,1,1374,1,105000,1,0,0,0,0,1
6,992,1,1661,1,165500,0,1,0,0,0,1
7,1108,1,2097,2,274300,0,1,0,0,0,1
10,2633,1,2633,3,466500,0,1,0,0,0,1
7,1026,1,1958,3,250000,1,0,0,0,0,1
8,1571,1,1571,3,239000,1,0,0,0,0,1
6,768,0,790,1,91000,0,0,1,0,0,1
5,984,1,1604,2,117000,0,0,1,0,0,1
6,483,1,987,1,83000,0,0,1,0,0,1
5,384,1,1394,2,167500,1,0,0,0,0,1
3,864,0,864,1,58500,0,0,1,0,0,1
6,1205,1,2117,2,237500,1,0,0,0,0,1
7,596,1,1762,2,157000,0,0,1,1,0,0
5,816,1,1416,2,112000,0,0,1,1,0,0
6,560,1,1258,1,105000,0,0,1,0,1,0
4,796,1,1154,1,125500,0,0,1,1,0,0
7,1392,1,2784,2,250000,0,1,0,0,0,1
6,714,0,2526,1,136000,0,0,1,0,0,1
9,1746,1,1746,3,377500,1,0,0,0,0,1
6,735,1,1218,2,131000,0,0,1,0,0,1
7,1525,1,1525,2,235000,0,1,0,0,0,1
5,1584,1,1584,3,124000,0,0,1,0,0,1
5,864,1,900,1,123000,0,1,0,0,0,1
6,482,0,1912,2,163000,0,0,1,0,0,1
7,1356,1,1500,3,246578,1,0,0,0,0,1
8,1094,1,2482,3,281213,1,0,0,0,0,1
5,747,1,1687,2,160000,0,0,1,1,0,0
5,939,1,1513,1,137500,0,0,1,1,0,0
5,1208,1,1904,1,138000,0,0,1,0,0,1
6,976,1,1608,1,137450,0,0,1,0,0,1
6,862,1,1158,1,120000,0,1,0,0,0,1
6,839,1,1593,2,193000,1,0,0,0,0,1
7,1286,1,1294,2,193879,0,1,0,0,0,1
8,1485,1,1464,3,282922,0,0,1,0,0,1
3,672,1,1214,3,105000,0,0,1,0,0,1
8,1594,1,1646,2,275000,1,0,0,0,0,1
5,768,1,768,2,133000,0,0,1,0,0,1
5,833,1,833,0,112000,0,0,0,0,0,1
4,622,1,1363,2,125500,0,0,1,0,0,1
7,791,1,2093,2,215000,1,0,0,0,0,1
7,944,1,1840,2,230000,0,1,0,0,0,1
6,856,1,1668,1,140000,0,0,1,0,0,1
4,0,0,1040,2,90000,0,0,1,0,0,1
8,1844,1,1844,2,257000,1,0,0,0,0,1
6,833,1,1848,2,207000,0,0,1,1,0,0
7,1386,1,1569,3,175900,0,1,0,0,0,1
4,777,1,2290,2,122500,0,0,1,1,0,0
8,1284,1,2450,3,340000,1,0,0,0,0,1
5,1144,1,1144,1,124000,0,0,1,0,0,1
6,1844,1,1844,2,223000,0,1,0,0,0,1
6,708,1,1416,2,179900,0,1,0,0,0,1
6,1069,1,1069,2,127500,0,1,0,0,0,1
6,848,1,848,2,136500,1,0,0,0,0,1
6,697,1,2201,2,274970,0,0,1,0,0,1
5,1024,1,1344,1,144000,0,0,1,0,0,1
6,1252,1,1252,2,142000,0,0,1,0,0,1
7,1223,1,2127,2,271000,0,1,0,0,0,1
5,913,1,1558,1,140000,0,0,1,0,0,1
5,788,1,804,1,119000,0,0,1,0,0,1
6,1440,1,1440,2,182900,1,0,0,0,0,1
5,732,1,1838,2,192140,1,0,0,0,0,1
6,958,1,958,2,143750,0,1,0,0,0,1
4,656,1,968,1,64500,0,0,1,0,0,1
6,936,1,1792,2,186500,1,0,0,0,0,1
5,1126,1,1126,2,160000,0,1,0,0,1,0
6,1319,1,1537,2,174000,0,1,0,0,0,1
4,864,1,864,2,120500,0,0,1,0,0,1
8,1932,1,1932,3,394617,1,0,0,0,0,1
6,912,1,1236,2,149700,0,0,1,0,0,1
7,539,1,1725,2,197000,0,1,0,0,0,1
6,588,1,2555,2,191000,1,0,0,0,0,1
6,848,1,848,2,149300,0,1,0,0,0,1
10,1017,1,2007,3,310000,1,0,0,0,0,1
6,952,0,952,1,121000,0,0,1,0,1,0
7,1422,1,1422,2,179600,0,1,0,0,0,1
6,814,1,913,1,129000,0,0,1,0,0,1
5,1188,1,1188,1,157900,0,0,1,0,1,0
8,1220,1,2090,2,240000,0,1,0,0,0,1
4,560,0,1346,1,112000,0,0,1,0,0,1
5,630,1,630,0,92000,0,0,0,0,0,1
5,896,1,1792,0,136000,0,0,0,0,0,1
8,1573,1,1578,3,287090,1,0,0,0,0,1
5,547,1,1072,2,145000,1,0,0,0,0,1
5,1140,1,1140,0,84500,0,0,0,0,0,1
7,1221,1,1221,2,185000,0,1,0,0,0,1
6,953,1,1647,2,175000,0,1,0,0,0,1
6,1542,1,2073,2,210000,0,0,1,0,0,1
7,1152,1,2340,1,266500,0,1,0,0,0,1
5,1078,1,1078,1,142125,0,0,1,0,0,1
5,1256,1,1256,1,147500,1,0,0,0,0,1
