label,id,fea_1,fea_2,fea_3,fea_4,fea_5,fea_6,fea_7,fea_8,fea_9,fea_10,fea_11
1,54982665,5,1245.5,3,77000.0,2,15,5,109,5,151300,244.94897430000003
0,59004779,4,1277.0,1,113000.0,2,8,-1,100,3,341759,207.17383999999998
0,58990862,7,1298.0,1,110000.0,2,11,-1,101,5,72001,1.0
1,58995168,7,1335.5,1,151000.0,2,11,5,110,3,60084,1.0
0,54987320,7,,2,59000.0,2,11,5,108,4,450081,197.40314080000002
0,59005995,6,1217.0,3,56000.0,2,6,-1,100,3,60091,1.0
1,59001917,4,1304.0,3,35000.0,2,8,9,85,5,60069,1.0
1,54984789,5,1256.0,3,78000.0,2,15,-1,111,3,60030,1.0
0,58984557,5,1323.5,3,218000.0,2,15,5,112,4,151300,282.8427125
0,54990497,4,,2,35000.0,2,8,5,101,3,60029,237.301496
0,58996401,7,1314.5,1,483000.0,2,11,9,101,3,151300,282.8427125
0,59001833,4,1250.0,3,95000.0,2,8,9,111,4,60047,1.0
0,58989327,7,1223.0,3,81000.0,2,11,5,114,4,151300,194.93588689999999
0,59003965,4,,2,76000.0,2,8,9,113,4,60091,158.4077018
0,58992002,7,1365.5,1,96000.0,2,11,-1,78,3,60025,178.8854382
0,54987675,7,1257.5,3,126000.0,2,11,5,105,3,151300,1.0
0,58998405,4,1214.0,3,81000.0,2,8,5,111,1,60043,202.4845673
1,58993173,7,1241.0,3,78000.0,1,11,5,105,5,60074,1.0
1,54985924,7,1241.0,1,111000.0,2,11,5,90,5,350068,223.6067977
1,59000383,4,,2,47000.0,2,8,9,107,5,151300,1.0
0,58994740,7,,2,77000.0,2,11,9,114,5,510000,159.69971819999998
0,59004503,4,1305.5,1,129000.0,2,8,5,81,5,60014,1.0
0,58991241,7,1277.0,1,150000.0,2,11,5,95,5,60015,1.0
0,54991685,4,1304.0,1,35000.0,2,8,5,105,3,340019,181.65902119999998
0,59003773,4,1320.5,3,164000.0,1,8,5,105,5,151300,187.08286930000003
0,58991607,7,1290.5,3,119000.0,2,11,9,85,3,151300,200.0
1,59004540,4,,2,34000.0,2,8,5,100,5,72049,163.29421299999998
0,54984058,5,1455.5,3,35000.0,2,15,5,92,5,60058,1.0
1,58990737,7,1242.5,3,71000.0,1,11,5,108,5,60005,173.20508080000002
1,58994089,7,1239.5,3,79000.0,2,11,8,111,5,71003,1.0
0,58990628,7,1335.5,3,150000.0,2,11,9,105,5,350050,412.3105626
0,58998166,4,1355.0,3,177000.0,2,8,5,87,5,151101,1.0
0,58985693,5,,3,227000.0,2,15,-1,110,4,450080,183.0300522
0,58983409,5,1338.5,3,30000.0,2,15,5,110,4,71000,223.6067977
0,58992481,7,1259.0,3,74000.0,2,11,5,95,5,60036,207.31859540000002
0,59003975,4,1364.0,1,200000.0,2,8,5,90,3,60022,212.1320344
0,58994549,7,,2,90000.0,2,11,2,114,4,151300,173.20508080000002
0,58989033,7,1335.5,3,126000.0,2,11,5,83,5,60051,1.0
1,54986575,7,1272.5,3,50000.0,2,11,5,79,3,60011,1.0
0,54988158,7,1347.5,1,392000.0,2,11,4,114,4,60018,1.0
0,58998578,4,1191.5,3,50000.0,2,8,5,106,5,60090,1.0
0,54983799,5,1298.0,1,127000.0,2,15,-1,113,4,151300,1.0
0,58984960,5,1469.0,3,110000.0,2,15,5,82,5,350066,223.6067977
0,54989325,4,,2,49000.0,2,8,-1,113,4,72001,180.7235458
0,54988244,7,1400.0,1,100000.0,2,11,5,94,5,60028,205.55534530000003
1,58995842,7,1302.5,1,92000.0,2,11,-1,105,4,60075,212.1320344
0,58994057,7,1314.5,1,127000.0,2,11,-1,109,3,340012,500.0
1,58989594,7,1317.5,3,127000.0,2,11,9,88,5,71000,200.0
0,59002949,4,1314.5,3,89000.0,2,8,5,111,4,151009,1.0
0,59002060,4,1280.0,3,96000.0,2,8,9,112,4,60062,1.0
0,59004373,4,1287.5,1,139000.0,2,8,5,100,3,60030,244.94897430000003
0,54984810,5,1241.0,3,60000.0,2,15,5,90,5,60000,200.0
0,58988486,7,1187.0,3,90000.0,2,11,5,100,5,60093,1.0
0,58983605,5,1350.5,1,237000.0,2,15,8,86,3,60085,223.6067977
0,58991407,7,1302.5,1,92000.0,2,11,-1,105,4,591003,167.33200530000002
0,54984606,5,1205.0,3,61000.0,2,15,5,76,5,60069,1.0
0,54982353,1,1130.0,2,1000000.0,2,4,-1,100,5,650018,1.0
0,59004654,4,1352.0,1,168000.0,2,8,5,105,3,60017,223.6067977
0,58989220,7,1223.0,3,73000.0,2,11,9,111,4,350092,200.0
1,54988224,7,1235.0,3,101000.0,2,11,5,112,3,60013,1.0
0,54983094,5,1334.0,3,102000.0,2,15,9,84,5,72000,200.0
0,54992131,4,1214.0,3,68000.0,2,8,9,110,5,60091,1.0
1,58996840,7,1241.0,3,55000.0,2,11,9,113,4,151300,212.1320344
0,58998646,4,1293.5,1,458000.0,2,8,-1,75,5,340017,200.0
0,58998781,4,1382.0,3,76000.0,2,8,5,100,5,60018,173.20508080000002
1,58995151,7,,2,126000.0,2,11,9,115,4,450028,224.26769720000001
0,58998842,4,1323.5,1,103000.0,2,8,-1,85,5,350069,204.0171561
1,58987028,5,1206.5,3,49000.0,2,15,2,102,4,551201,158.11388300000002
1,54985084,7,1214.0,3,59000.0,2,11,9,86,5,60018,200.0
0,54982463,5,1272.5,3,70000.0,2,15,5,113,5,60033,167.1227094
0,59003131,4,1322.0,3,35000.0,2,8,5,95,3,151300,173.20508080000002
0,59002005,4,1239.5,3,68000.0,2,8,5,84,5,60052,1.0
0,58997354,4,1328.0,3,148000.0,2,8,2,110,5,60064,1.0
0,58984516,5,1371.5,3,82000.0,2,15,5,115,5,151300,1.0
0,59001893,4,1313.0,3,133000.0,2,8,5,80,5,60074,1.0
0,54983792,5,1212.5,3,125000.0,2,15,10,113,4,550005,187.08286930000003
0,59003954,4,1322.0,1,104000.0,2,8,5,114,3,60019,212.1320344
1,54986544,7,1214.0,3,51000.0,2,11,9,111,5,72000,1.0
0,58997872,4,1305.5,3,91000.0,2,8,2,95,5,60091,1.0
0,59003122,4,1278.5,3,115000.0,2,8,5,99,3,72000,173.20508080000002
1,54988011,7,1241.0,3,75000.0,2,11,5,110,4,450059,194.93588689999999
0,58998566,4,1281.5,3,304000.0,2,8,5,84,3,60024,1.0
0,58987375,5,1230.5,3,58000.0,2,15,-1,92,3,340020,122.4744871
0,58993203,7,,2,58000.0,2,11,5,113,4,510010,187.08286930000003
0,59004078,7,1257.5,1,84000.0,1,11,5,106,5,71000,173.20508080000002
1,59000783,4,1305.5,3,59000.0,2,8,5,113,4,72004,1.0
0,58987210,5,1223.0,3,90000.0,2,15,5,101,3,450091,223.6067977
0,54989680,4,1214.0,3,118000.0,2,8,5,110,4,71000,223.6067977
0,54990315,4,1235.0,3,84000.0,2,8,5,82,5,60044,1.0
0,58996127,7,1266.5,1,165000.0,2,11,5,111,3,60084,1.0
0,59005099,4,1304.0,1,100000.0,2,8,-1,113,3,350098,158.11388300000002
0,58991420,7,,2,64000.0,2,11,5,113,4,151009,159.88120590000003
0,58991252,7,,3,108000.0,1,11,-1,111,4,450006,158.11388300000002
0,58994510,7,1244.0,3,59000.0,2,11,5,79,3,60040,173.20508080000002
1,58985495,5,1314.5,3,177000.0,2,15,5,105,5,60059,1.0
0,58997265,4,1386.5,3,296000.0,2,9,5,109,5,151300,223.6067977
0,58995669,7,,3,35000.0,2,12,-1,86,3,650070,161.8548733
0,54992046,4,1257.5,1,91000.0,2,8,5,90,3,72000,1.0
0,59000764,4,1269.5,3,107000.0,1,8,9,81,3,60040,173.20508080000002
0,58997788,4,1304.0,3,60000.0,2,8,2,95,5,60058,223.6067977
0,58996671,7,1283.0,3,90000.0,2,11,5,85,5,60000,1.0
0,59003535,4,,2,139000.0,2,8,5,111,3,60036,1.0
1,54989200,4,,2,60000.0,2,8,9,100,5,151300,172.3223723
1,58989344,7,1265.0,3,70000.0,2,11,-1,81,5,350704,316.22776600000003
0,54988214,7,1256.0,1,126000.0,2,11,9,102,3,350705,158.11388300000002
0,58990663,7,1314.5,3,150000.0,2,11,10,113,4,60023,187.08286930000003
0,59005290,4,1320.5,1,138000.0,2,8,9,108,3,60000,212.407627
0,58982606,5,1377.5,3,96000.0,2,15,5,87,5,60044,207.3644135
0,58993672,7,1415.0,3,155000.0,2,11,5,107,3,60005,212.1320344
0,58982803,5,1272.5,3,143000.0,2,15,5,114,4,72001,223.6067977
0,58998809,4,1278.5,3,186000.0,2,8,5,100,5,72000,173.20508080000002
1,58994301,7,1254.5,3,100000.0,2,11,5,84,5,151300,158.11388300000002
1,59002746,4,1239.5,3,90000.0,2,8,5,100,3,60019,173.20508080000002
0,58999985,7,1281.5,3,98000.0,2,11,9,114,4,60019,1.0
0,58997200,7,1376.0,1,150000.0,2,11,-1,110,4,60000,219.2487172
0,54988052,7,1350.5,1,110000.0,2,11,-1,108,5,71000,1.0
0,59005852,4,1338.5,1,112000.0,2,8,5,90,3,330008,1.0
0,58986215,5,1250.0,1,167000.0,2,15,-1,90,5,450080,141.4213562
0,59002872,4,1307.0,1,133000.0,2,8,5,110,3,60043,1.0
0,58995080,7,1235.0,1,75000.0,2,11,5,91,5,350092,200.0
1,58983822,5,1308.5,3,30000.0,2,15,5,99,5,60062,1.0
0,59003155,4,1340.0,3,116000.0,2,8,9,104,5,72000,1.0
0,58999690,4,1214.0,3,81000.0,2,8,9,101,4,60040,1.0
0,58995904,7,1230.5,1,129000.0,2,11,5,88,3,60043,1.0
1,54990680,4,1241.0,3,60000.0,2,8,5,115,5,60036,1.0
0,58985627,5,,3,95000.0,2,15,-1,112,4,450006,173.20508080000002
0,58990758,7,1284.5,3,106000.0,2,11,9,104,4,60036,1.0
0,59003223,4,1308.5,1,35000.0,2,8,5,103,5,151300,1.0
0,59003779,4,1227.5,3,62000.0,2,8,5,110,5,60069,1.0
0,58987426,5,1277.0,1,142000.0,2,15,-1,111,4,450002,197.48417659999998
0,58993764,7,1277.0,3,98000.0,2,11,5,92,5,60036,1.0
1,58984726,5,1347.5,3,150000.0,2,15,5,110,5,72000,538.5387637
0,58986751,5,,2,82000.0,2,15,5,106,5,60058,1.0
0,58993992,7,1266.5,3,89000.0,2,11,5,89,3,60091,1.0
1,58987541,5,1268.0,3,91000.0,2,15,5,112,4,71008,1.0
0,58984801,5,1265.0,1,90000.0,2,15,-1,110,5,450018,187.08286930000003
0,58987142,5,1310.0,1,500000.0,2,15,5,103,5,452306,244.94897430000003
0,58990112,7,1290.5,1,99000.0,2,11,-1,110,5,450062,200.0
0,58987511,5,1272.5,3,97000.0,2,15,8,105,5,72000,1.0
0,58983291,5,1304.0,3,390000.0,2,15,5,91,5,60050,1.0
0,59004230,4,1277.0,3,100000.0,2,8,5,100,5,60000,223.6067977
0,59005708,4,1356.5,1,148000.0,2,8,5,83,3,60001,1.0
1,58993847,7,1262.0,3,172000.0,2,11,9,112,4,72000,262.11066370000003
0,58991194,7,1247.0,3,71000.0,1,11,9,95,4,60026,200.7560709
0,58993040,7,1235.0,3,89000.0,2,11,5,115,5,60065,1.0
0,59002016,4,1196.0,3,65000.0,2,8,-1,108,4,72001,1.0
1,58982721,5,1269.5,3,86000.0,2,15,9,89,5,60019,1.0
0,54983915,5,1256.0,3,110000.0,2,15,9,107,5,60018,1.0
0,58995594,7,1254.5,3,97000.0,2,11,5,83,3,60017,282.8427125
0,58984646,5,1239.5,3,78000.0,2,15,5,112,4,450015,214.4761059
0,54986089,7,1241.0,3,63000.0,2,11,5,107,5,72000,1.0
0,54992154,4,1341.5,1,91000.0,1,8,5,100,4,151300,173.6605885
0,59002314,4,1317.5,3,293000.0,2,8,5,100,5,60018,1.0
1,54982549,5,1326.5,3,30000.0,2,15,5,110,5,60005,1.0
0,58984702,5,1310.0,3,325000.0,2,15,5,83,3,71000,1.0
0,54983466,5,1274.0,3,127000.0,2,15,9,113,4,72001,212.1320344
1,54984241,5,,2,30000.0,2,15,5,104,3,72002,207.3644135
0,54985473,7,1317.5,3,150000.0,2,11,5,112,5,450042,345.7947368
0,54985977,7,1346.0,1,112000.0,2,11,5,85,5,60064,200.0
0,58988021,5,1277.0,1,101000.0,2,15,5,111,4,60091,1.0
0,58999931,4,1338.5,3,165000.0,2,8,5,111,5,151300,288.09720580000004
0,58992868,7,1316.0,1,117000.0,2,11,-1,110,5,361013,1.0
0,59001343,4,1272.5,3,170000.0,2,8,5,110,4,60019,1.0
0,58987886,5,1269.5,1,175000.0,2,15,5,110,5,350057,173.20508080000002
0,58999555,4,1283.0,3,94000.0,2,8,9,64,5,60017,1.0
0,54987199,7,1329.5,1,150000.0,2,11,-1,86,5,60036,1.0
0,58994324,7,1266.5,3,130000.0,2,11,9,100,5,60005,173.20508080000002
0,58987097,5,1248.5,3,98000.0,2,15,5,110,4,550003,178.8854382
0,58991130,7,1340.0,3,341000.0,2,11,5,112,5,72001,1.0
1,58982795,5,1292.0,3,119000.0,2,15,9,107,4,72001,187.08286930000003
0,58994149,7,1266.5,3,120000.0,1,11,9,110,3,60029,316.22776600000003
1,54982721,5,,2,90000.0,2,15,5,92,5,72014,1.0
0,59004716,4,1268.0,1,104000.0,2,8,9,95,5,60027,1.0
1,54988411,7,1242.5,3,56000.0,2,11,5,113,4,151300,1.0
1,58993621,7,1272.5,3,80000.0,2,11,9,86,4,60043,1.0
0,59003358,4,,2,57000.0,2,8,-1,100,3,72000,194.18290349999998
0,58991973,7,1298.0,1,71000.0,2,11,-1,113,4,72000,1.0
0,59002553,4,1298.0,3,101000.0,2,8,9,105,3,60052,212.1320344
0,58997580,4,,2,126000.0,2,8,-1,109,5,330012,1.0
0,58995727,7,1214.0,3,58000.0,2,11,5,112,4,71006,1.0
1,59001882,7,1355.0,3,94000.0,2,11,5,114,4,510044,216.3816074
1,58995389,7,1289.0,1,107000.0,2,11,5,102,3,151300,1.0
0,54988373,7,1295.0,1,116000.0,2,11,9,108,4,151300,1.0
0,58991722,7,1308.5,3,143000.0,2,11,5,100,3,151009,173.20508080000002
0,58990958,7,,2,53000.0,2,11,5,105,4,151307,186.2229846
1,54985687,7,1188.5,3,90000.0,2,11,5,98,5,60017,1.0
0,59000104,4,1290.5,1,118000.0,1,8,5,100,5,60023,141.4213562
1,58986809,5,1305.5,3,35000.0,2,15,9,115,4,72000,1.0
0,58993548,7,1230.5,3,114000.0,2,11,5,112,4,72000,254.9509757
0,54986879,7,,2,179000.0,2,11,5,113,4,450002,267.58176319999995
0,54983822,5,,3,94000.0,2,15,5,113,4,60057,193.6362569
0,59004621,4,1287.5,3,110000.0,2,8,9,80,5,151300,1.0
0,54990474,4,1290.5,1,103000.0,2,8,9,112,4,60084,176.0681686
1,58985009,5,1367.0,3,167000.0,2,15,5,95,5,60021,244.94897430000003
0,58993402,7,1419.5,1,89000.0,2,11,5,110,3,350060,337.106808
0,58982806,5,1307.0,3,91000.0,2,15,5,110,5,60023,200.0
1,58982754,5,1322.0,3,195000.0,2,15,5,90,3,60033,240.83189159999998
0,58986146,5,1250.0,3,93000.0,2,15,7,111,5,350062,244.94897430000003
0,59001898,4,1179.5,3,56000.0,2,8,5,99,3,72000,234.52078799999998
0,59004966,4,,2,39000.0,2,8,5,113,4,72015,172.4731863
0,58987077,5,1269.5,1,77000.0,1,15,-1,84,5,450000,167.33200530000002
0,59004141,4,1316.0,1,127000.0,2,8,-1,95,5,330013,1.0
0,58992060,7,1272.5,1,229000.0,2,11,-1,112,3,450000,173.20508080000002
1,58990934,7,1262.0,3,151000.0,2,11,5,114,4,510102,251.968252
0,58983730,5,1443.5,3,155000.0,1,15,5,104,5,60000,254.9509757
0,58988129,5,1187.0,3,102000.0,2,15,5,113,4,450081,197.48417659999998
0,59000510,4,1338.5,1,107000.0,2,8,9,82,5,151300,1.0
0,59000066,4,,2,259000.0,1,8,5,110,4,72000,200.0
0,58984937,5,1296.5,1,130000.0,2,15,-1,86,4,60018,158.11388300000002
1,58996558,7,1355.0,1,160000.0,2,11,5,84,3,151304,173.20508080000002
0,59003949,4,1253.0,1,468000.0,2,8,5,81,5,60016,204.93901530000002
0,58991249,7,1296.5,3,138000.0,1,11,5,100,5,60027,158.11388300000002
0,54988614,7,,2,106000.0,2,11,-1,90,5,60033,1.0
1,59003162,4,,2,50000.0,2,8,5,87,5,60033,167.93451100000001
1,58987961,5,1302.5,1,177000.0,2,15,9,80,3,371200,158.11388300000002
0,54989304,4,1238.0,3,125000.0,2,8,9,85,5,60002,1.0
0,58983307,5,1214.0,3,56000.0,2,15,5,101,5,60064,192.1639925
0,54989018,4,,2,45000.0,2,8,5,85,4,151307,172.1307642
1,58989056,7,1290.5,3,113000.0,2,11,5,109,5,60091,204.93901530000002
0,58991324,7,1245.5,3,58000.0,2,11,5,101,5,60058,200.0
0,58982668,5,1316.0,3,500000.0,2,15,5,104,5,72000,316.22776600000003
0,59002933,4,,2,97000.0,2,8,5,110,4,72001,196.3644571
0,54985624,7,1332.5,3,98000.0,2,11,5,107,5,60033,262.12783140000005
0,58991302,7,1290.5,1,108000.0,1,11,5,95,5,60064,1.0
0,58988871,7,1259.0,3,147000.0,2,11,9,110,5,350029,421.07006540000003
1,59000336,4,,2,446000.0,2,8,-1,90,5,60014,1.0
0,58998876,4,1245.5,3,87000.0,2,8,5,112,5,60033,222.13284309999997
0,58983272,5,1296.5,3,148000.0,2,15,5,100,4,60023,187.08286930000003
0,58991823,7,,2,75000.0,2,11,9,111,4,151009,173.20508080000002
0,58997994,4,1349.0,3,139000.0,2,8,5,109,5,151304,212.1320344
0,58989132,7,1319.0,3,88000.0,2,11,5,114,4,151300,228.4513077
0,54984671,5,1301.0,1,114000.0,2,15,5,106,3,351106,187.08286930000003
1,59005571,4,1241.0,3,60000.0,2,8,5,107,3,151300,187.08286930000003
0,58993796,7,1397.0,1,131000.0,2,11,5,95,5,60001,1.0
0,54983353,5,1224.5,3,56000.0,2,15,5,113,4,151307,1.0
1,54987489,7,1307.0,1,182000.0,2,11,-1,101,5,350052,200.0
0,54988427,7,1236.5,1,150000.0,2,11,9,110,4,450000,212.1320344
1,59000077,4,1305.5,3,128000.0,2,8,5,114,4,72000,291.1889421
0,59004521,4,1305.5,1,117000.0,2,8,5,112,5,60029,1.0
1,54990604,4,1238.0,3,75000.0,2,8,5,104,4,72001,1.0
0,54984913,5,1229.0,3,50000.0,2,15,9,110,5,450071,200.0
0,58984889,5,1305.5,3,130000.0,2,15,5,100,5,60016,1.0
1,58991158,7,1205.0,3,77000.0,2,11,-1,85,5,151300,273.86127880000004
0,58985548,5,1266.5,3,82000.0,2,15,9,114,1,60047,200.0
1,54982387,2,1349.0,1,286000.0,2,3,-1,80,3,361003,1.0
0,58989891,7,,2,63000.0,2,11,5,84,5,60019,158.11388300000002
0,54988581,7,1247.0,3,66000.0,2,11,-1,109,5,60041,1.0
0,54987763,7,1232.0,1,96000.0,2,11,9,88,5,151300,233.520877
0,54985320,7,1367.0,1,80000.0,2,12,-1,112,5,60000,245.58501580000004
0,59005275,4,1298.0,1,165000.0,2,8,9,90,3,72000,234.4504212
1,58987220,5,1259.0,3,94000.0,2,15,9,105,3,350063,200.0
0,58995903,7,1233.5,3,78000.0,2,11,5,105,3,60036,1.0
0,59000498,4,1352.0,1,128000.0,2,8,5,72,3,60058,1.0
0,58993744,7,1370.0,3,394000.0,2,11,5,112,5,510009,445.0382006
1,59003325,4,1325.0,1,126000.0,2,8,9,106,5,71003,1.0
1,59002803,4,1295.0,1,35000.0,2,8,5,90,3,151300,1.0
0,59003192,4,1329.5,1,181000.0,2,8,5,111,3,340017,223.6067977
0,58990897,7,1310.0,3,128000.0,2,11,9,105,5,60052,223.6067977
0,59004828,4,1274.0,1,132000.0,2,8,5,107,3,60016,202.4845673
0,58993767,7,1326.5,1,91000.0,1,11,9,106,4,450080,291.5475947
1,58989746,7,1334.0,3,86000.0,2,11,5,113,5,510065,168.5140944
0,54986167,7,1256.0,3,130000.0,1,11,9,105,5,60058,187.08286930000003
0,59001201,4,1320.5,1,122000.0,2,8,5,103,5,60046,1.0
0,59001692,4,1257.5,1,110000.0,2,8,5,89,3,350063,189.7366596
0,59000231,4,1425.5,3,146000.0,2,8,5,113,5,60062,1.0
0,58997422,4,1248.5,3,50000.0,2,8,-1,100,3,332345,387.29833460000003
0,54985176,7,1328.0,3,71000.0,2,11,5,109,5,60004,444.4738462
0,58995493,7,,2,73000.0,2,11,9,109,3,151300,189.8051633
0,59002534,4,1242.5,3,70000.0,1,8,5,103,3,60040,181.65902119999998
0,58995172,7,1263.5,3,35000.0,2,12,-1,115,4,350012,271.11621119999995
0,59000340,4,1313.0,3,98000.0,1,8,9,103,5,151300,173.20508080000002
1,58982978,5,1322.0,3,30000.0,2,15,5,91,5,60047,164.3167673
1,59002226,4,,2,48000.0,1,8,5,101,5,72000,165.37533069999998
1,58993990,7,1263.5,3,53000.0,2,11,5,111,5,60095,1.0
0,58983850,5,1221.5,3,97000.0,2,15,9,109,4,72001,263.3097036
0,58995787,7,1289.0,3,68000.0,1,11,5,86,3,60016,173.20508080000002
1,54984978,5,,2,58000.0,2,15,5,95,3,60075,212.1320344
0,58988287,5,1307.0,1,39000.0,2,15,9,114,4,450016,160.44625269999997
0,58992687,7,,3,72000.0,2,11,-1,107,4,450048,141.4213562
0,54989469,4,1190.0,3,128000.0,2,8,5,105,5,72000,1.0
0,59002231,4,1353.5,3,125000.0,2,8,9,107,5,60093,1.0
0,54984717,5,1257.5,3,35000.0,2,15,-1,89,5,60005,1.0
1,58982857,5,1272.5,3,76000.0,2,15,5,104,5,60084,1.0
1,54983561,5,,2,47000.0,2,15,5,112,4,510037,175.8266191
0,58993789,7,1238.0,3,59000.0,2,11,9,112,5,60000,1.0
1,54985654,7,1280.0,3,120000.0,2,11,5,115,5,151300,218.604666
0,54989251,4,1263.5,3,100000.0,2,8,5,64,5,60047,1.0
0,59003000,4,1293.5,1,149000.0,2,8,-1,96,3,60023,1.0
1,54987040,7,1190.0,3,95000.0,2,11,5,88,3,60019,1.0
0,54985988,7,1262.0,1,104000.0,2,11,8,107,4,60045,1.0
0,58986533,5,1358.0,1,101000.0,2,15,-1,111,5,72000,1.0
0,58982387,1,1217.0,2,300000.0,2,4,-1,79,5,550007,1.0
1,58984255,5,1223.0,3,50000.0,2,15,5,89,3,151300,1.0
0,54988697,7,1287.5,1,88000.0,2,11,-1,113,4,71003,1.0
1,54982856,5,1361.0,3,30000.0,1,15,5,110,5,60033,264.57513109999996
0,58988923,7,1223.0,3,68000.0,1,11,5,84,5,60014,158.11388300000002
0,59004856,4,,2,99000.0,2,8,5,90,3,60036,188.06647759999998
0,54990128,4,,2,105000.0,2,8,9,110,5,72000,187.0561413
0,54986034,7,1298.0,1,114000.0,2,11,5,103,3,60014,173.20508080000002
1,54986429,7,1326.5,3,208000.0,2,11,5,105,4,510070,279.6640842
0,58988867,7,1170.5,3,71000.0,2,11,5,111,4,151307,200.0
0,54987401,7,1325.0,1,50000.0,2,12,-1,105,5,350012,225.22877259999999
0,59002062,4,1320.5,1,123000.0,2,8,5,105,3,332444,1.0
0,59001353,4,1256.0,3,120000.0,2,8,5,105,5,72015,1.0
0,58996494,7,1304.0,1,98000.0,2,11,5,113,4,151300,180.2775638
0,58987161,5,,2,48000.0,2,15,5,107,4,450008,178.0056179
0,54983470,5,1238.0,3,104000.0,2,15,7,110,4,450075,243.03703419999997
0,59004000,4,1214.0,3,82000.0,1,8,5,100,5,60019,167.33200530000002
0,58992602,7,1368.5,3,390000.0,2,11,5,101,5,60024,173.20508080000002
0,54985177,7,1262.0,3,121000.0,2,11,5,106,5,151300,387.356425
0,58990273,7,1362.5,3,83000.0,2,11,9,100,4,151300,174.20677369999999
0,54988633,7,1253.0,1,50000.0,2,11,5,112,4,72049,184.3637708
0,54986068,7,1220.0,3,263000.0,2,11,9,90,2,151300,1.0
0,58987963,5,1236.5,1,52000.0,2,15,5,112,4,550009,172.61517890000002
0,54985523,7,1223.0,3,97000.0,2,11,5,109,3,450003,187.08286930000003
0,58999697,4,1290.5,3,140000.0,2,8,9,101,5,60063,1.0
0,59002213,4,1305.5,1,123000.0,2,8,5,106,3,330008,1.0
0,54983331,5,1241.0,3,30000.0,2,15,5,80,5,60006,1.0
0,58998938,4,1397.0,3,191000.0,2,8,9,114,4,72000,300.4080558
0,54990331,4,1314.5,1,177000.0,2,8,-1,112,5,60000,200.0
0,59000853,4,1305.5,1,118000.0,2,8,9,112,4,151300,223.6067977
0,59001863,4,1223.0,3,77000.0,2,8,9,111,5,72000,1.0
0,58993710,7,1304.0,1,130000.0,2,11,5,111,4,450046,223.6067977
0,54987936,7,1223.0,3,72000.0,2,11,-1,114,5,151300,167.33200530000002
0,59002170,4,1256.0,3,141000.0,2,8,5,84,3,60031,223.6067977
0,58996882,7,1233.5,3,59000.0,2,11,5,91,3,450052,387.29833460000003
0,58990235,7,1281.5,1,304000.0,2,11,-1,111,4,450001,244.94897430000003
1,54989257,4,1242.5,3,56000.0,2,8,-1,85,5,330007,1.0
1,58994340,7,1281.5,1,75000.0,2,11,5,87,5,72049,1.0
0,58989150,7,1328.0,3,182000.0,2,11,5,98,5,72001,173.20508080000002
1,58995703,7,,3,75000.0,2,11,9,100,5,450018,353.55339060000006
0,59004349,7,1277.0,1,119000.0,1,11,5,105,3,72000,217.4741364
0,58990289,7,1335.5,3,185000.0,2,11,5,100,5,351106,212.1320344
0,59001124,4,1239.5,3,85000.0,2,8,5,66,5,72000,1.0
1,58993373,7,1299.5,1,135000.0,2,11,5,87,3,350705,187.08286930000003
1,59001563,4,1214.0,3,56000.0,2,8,5,109,3,151300,200.0
0,59000457,4,,2,90000.0,2,8,5,111,4,72001,188.92591140000002
0,58994986,7,1298.0,1,128000.0,2,11,5,92,5,151300,173.20508080000002
0,58988758,7,1419.5,3,61000.0,2,11,5,80,5,151300,200.4594722
0,54984214,5,1241.0,3,51000.0,2,15,5,88,5,151300,1.0
0,54987487,7,1304.0,3,135000.0,2,11,5,90,3,550109,282.8427125
0,58991921,7,1301.0,1,75000.0,2,11,7,112,4,72000,1.0
0,58990850,7,1266.5,3,110000.0,1,11,5,99,5,151300,173.20508080000002
1,59005881,4,,2,94000.0,2,8,-1,113,4,72000,1.0
0,54983307,5,1269.5,1,180000.0,1,15,5,90,3,151009,173.20508080000002
1,58988200,5,1308.5,3,39000.0,2,15,5,82,3,450018,159.9843742
0,59001184,4,1304.0,3,35000.0,2,8,9,90,5,60047,1.0
0,54985410,7,1304.0,3,290000.0,2,11,5,111,4,60000,310.3836336
0,58993739,7,1307.0,1,80000.0,2,11,5,95,5,60026,1.0
0,58988886,7,1235.0,3,68000.0,2,11,5,110,5,450017,187.08286930000003
0,54989788,4,1277.0,1,162000.0,2,8,5,85,5,151304,212.1320344
1,58998919,4,1253.0,3,84000.0,2,8,5,107,4,72001,173.20508080000002
0,58988250,5,1242.5,3,30000.0,2,15,5,80,3,60050,200.0
1,58994121,7,1241.0,3,65000.0,2,11,9,110,3,151011,1.0
0,58983271,5,1116.5,3,214000.0,2,15,9,112,4,60019,200.0
0,58998637,4,1287.5,3,113000.0,2,8,5,110,4,151300,1.0
0,54983719,5,1251.5,3,106000.0,2,15,5,83,5,350012,223.6067977
0,54992448,7,1350.5,1,137000.0,2,11,5,100,3,60048,178.8854382
0,58986051,5,1305.5,3,72000.0,2,15,5,100,5,151300,1.0
0,58983865,5,1388.0,3,75000.0,2,15,5,113,5,450027,222.29709849999998
0,58996591,7,1320.5,1,123000.0,2,11,5,113,4,60091,1.0
1,58988697,7,,2,50000.0,2,11,5,112,5,72000,181.5543996
0,58994114,7,1376.0,3,142000.0,1,11,5,99,3,151300,223.6067977
1,54985076,7,1365.5,3,143000.0,2,11,5,83,3,60011,202.4845673
0,59003842,4,1239.5,1,72000.0,1,8,5,89,5,60084,173.20508080000002
0,59004857,4,1223.0,3,56000.0,2,8,9,110,3,151009,1.0
1,58999186,4,1274.0,3,388000.0,2,8,9,111,5,72000,1.0
0,58995478,7,1301.0,1,77000.0,2,11,5,95,3,450000,173.20508080000002
1,54987857,7,1323.5,1,152000.0,2,11,5,98,5,151008,1.0
0,58988212,5,1227.5,3,35000.0,2,15,4,105,5,510099,316.22776600000003
1,58983297,5,1299.5,3,30000.0,2,15,5,95,5,71000,200.0
0,58999263,4,1317.5,3,81000.0,2,8,5,90,5,60038,1.0
0,59002046,4,1259.0,3,35000.0,2,8,5,90,5,60017,1.0
0,58994346,7,1298.0,1,100000.0,2,11,9,112,4,552104,178.8854382
0,58989956,7,1284.5,1,82000.0,2,11,-1,103,4,450019,214.4761059
0,58992457,7,1284.5,3,144000.0,2,11,4,96,3,71002,1.0
0,58990986,7,1334.0,3,108000.0,2,11,5,90,3,60092,223.6067977
0,58995052,7,1314.5,1,97000.0,2,11,9,90,3,60005,221.35943619999998
0,59005496,4,1298.0,1,35000.0,2,8,5,103,5,60028,200.0
0,54988030,7,1278.5,3,131000.0,2,11,5,110,3,60001,1.0
0,54987756,7,1257.5,3,144000.0,2,11,5,114,3,60028,1.0
0,54982697,5,1320.5,3,130000.0,2,15,5,85,5,60047,212.1320344
1,54987300,7,1125.5,3,79000.0,2,11,-1,107,5,450007,187.08286930000003
0,58993803,7,,2,370000.0,2,11,-1,85,3,350096,351.0911563
1,58985008,5,1259.0,3,121000.0,2,15,5,91,5,60064,1.0
0,59005917,4,1266.5,1,104000.0,2,8,-1,92,5,60036,1.0
0,59005740,4,1266.5,1,191000.0,2,8,5,85,3,72000,1.0
0,58994607,7,1377.5,3,78000.0,1,11,5,100,3,60017,173.20508080000002
1,58986784,5,1242.5,3,75000.0,2,15,5,109,4,510020,173.20508080000002
0,58994215,7,1352.0,1,142000.0,2,11,9,111,4,60036,1.0
1,58993369,7,1308.5,1,134000.0,2,11,5,95,5,151009,1.0
0,59004587,4,1265.0,1,120000.0,2,8,5,105,3,71000,1.0
0,54985606,7,1320.5,1,140000.0,2,11,-1,108,4,550039,189.7366596
1,58991789,7,1304.0,3,63000.0,2,11,5,110,4,60095,223.6067977
0,59003935,4,1308.5,1,125000.0,1,8,5,104,3,72000,181.65902119999998
0,58990417,7,1283.0,3,146000.0,2,11,5,110,4,151300,241.5491668
0,59004284,4,1316.0,1,143000.0,2,8,5,77,3,60061,1.0
0,59000822,4,1275.5,3,284000.0,2,8,5,107,5,60000,1.0
1,54986977,7,,2,77000.0,2,11,5,83,3,60000,174.93141509999998
0,54986897,7,1367.0,3,234000.0,2,11,5,113,5,591044,1.0
0,58985717,5,1211.0,3,97000.0,2,15,5,86,5,151300,1.0
0,58999934,4,1293.5,1,114000.0,2,8,5,111,4,72001,1.0
0,58999868,4,1275.5,3,136000.0,2,8,5,113,4,60000,1.0
1,54991896,4,1328.0,1,150000.0,2,8,5,107,3,332414,1.0
1,58989341,7,1241.0,3,56000.0,1,11,5,103,4,151300,158.11388300000002
0,58987931,5,1311.5,1,215000.0,2,15,5,110,3,350020,219.089023
0,58996991,7,1197.5,3,63000.0,2,11,-1,93,5,72000,1.0
0,58984336,5,1245.5,3,100000.0,2,15,2,90,5,60028,204.93901530000002
0,59003959,4,,2,57000.0,2,8,5,107,5,151300,194.93588689999999
0,54986232,7,1272.5,3,138000.0,2,11,5,71,3,60023,1.0
0,58995487,7,1239.5,1,108000.0,2,11,5,110,4,60004,200.0
0,54987789,7,1289.0,3,130000.0,2,11,9,84,3,60019,1.0
0,54987682,7,1290.5,1,119000.0,2,11,9,114,4,591017,1.0
0,58997954,4,1227.5,1,110000.0,2,8,-1,98,5,361036,1.0
0,58992934,7,,2,59000.0,2,11,5,111,4,72001,182.9699429
0,59005240,4,1253.0,1,97000.0,2,8,5,115,3,60034,1.0
0,59002429,4,,2,104000.0,2,8,5,108,5,151306,185.67444630000003
0,58998029,4,1244.0,3,107000.0,2,8,5,112,5,60017,3.16227766
1,58997951,4,1230.5,3,125000.0,2,8,9,109,5,71002,316.22776600000003
0,59001297,4,1233.5,1,190000.0,1,8,-1,85,3,60064,1.0
0,58999688,4,,2,130000.0,2,8,5,73,5,60024,207.8605302
0,58993467,7,1257.5,3,95000.0,1,11,4,111,4,450015,244.94897430000003
0,54992451,7,1302.5,1,105000.0,2,11,5,95,3,60000,1.0
0,58995813,7,1230.5,3,57000.0,2,11,9,108,4,450015,170.29386369999997
0,54987083,7,1245.5,3,110000.0,2,11,5,100,4,71000,1.0
0,54989065,4,1244.0,3,97000.0,2,8,5,99,5,60091,164.3167673
0,58987512,5,1302.5,3,211000.0,2,15,5,87,3,72000,1.0
0,54987747,7,,2,50000.0,1,11,5,100,4,60075,182.2086716
0,58993064,7,1320.5,1,145000.0,2,11,5,100,5,330012,1.0
0,58995532,7,1304.0,3,129000.0,2,11,5,103,3,151300,161.245155
0,58996590,7,1287.5,1,152000.0,2,11,5,108,5,151300,1.0
0,54986029,7,,2,127000.0,2,11,-1,110,4,450063,200.0
0,58998989,4,1214.0,3,51000.0,2,8,5,104,5,151300,173.20508080000002
0,54986274,7,1262.0,3,106000.0,2,11,9,109,4,450002,173.20508080000002
0,54985821,7,1277.0,3,243000.0,2,11,5,83,5,60087,1.0
1,58998661,4,1211.0,3,71000.0,2,8,5,101,5,60073,264.57513109999996
0,58982909,5,1251.5,3,113000.0,2,15,5,85,5,60084,212.09431859999998
1,58982354,1,1343.0,1,550000.0,2,5,-1,77,5,350024,1.0
1,59000639,4,1251.5,3,51000.0,2,8,-1,74,5,60041,1.0
0,54986974,7,1275.5,3,122000.0,2,11,9,108,4,60018,1.0
0,58986053,5,1262.0,3,93000.0,2,15,9,86,5,151300,204.93901530000002
0,54984435,5,1248.5,1,286000.0,2,15,-1,112,4,450094,173.20508080000002
0,59003229,4,,2,46000.0,2,8,5,114,4,60000,173.7843491
1,59003111,4,1223.0,3,73000.0,2,8,9,105,3,151300,1.0
0,59005838,4,1257.5,3,35000.0,2,8,3,112,4,72014,1.0
1,58989269,5,1391.0,3,112000.0,2,15,5,112,4,71002,192.60841100000002
1,54991441,4,,2,66000.0,2,8,9,113,4,72002,162.44999230000002
0,58989409,7,1232.0,3,100000.0,2,11,5,111,4,72000,204.93901530000002
0,58985568,5,1364.0,3,142000.0,2,15,5,100,5,60044,1.0
0,54989484,4,1313.0,3,328000.0,2,8,5,90,5,151300,1.0
0,58986063,7,1266.5,3,86000.0,2,11,5,87,3,151000,200.0
0,58999633,4,1296.5,3,250000.0,2,8,5,105,3,60033,200.0
1,54988512,7,1239.5,1,238000.0,2,11,5,110,4,60014,200.0
0,54989030,4,1244.0,3,119000.0,2,8,9,100,3,60067,1.0
0,58983791,5,1215.5,3,100000.0,2,15,5,110,5,450015,258.08525719999994
0,54987651,7,1250.0,3,102000.0,2,11,5,100,3,60050,1.0
1,54988107,7,1361.0,3,274000.0,2,11,5,100,3,151300,314.96666489999996
0,58988505,7,1361.0,3,77000.0,1,11,5,103,5,72000,200.0
0,59004688,4,1251.5,1,360000.0,2,8,9,110,4,151300,1.0
0,58999709,4,1314.5,3,176000.0,2,8,9,114,4,72049,241.8470591
1,58990519,7,1256.0,1,102000.0,2,11,-1,110,4,450080,178.8854382
0,54991967,4,,2,70000.0,2,8,5,90,3,72000,186.1451047
1,54987545,7,1212.5,3,61000.0,2,11,5,112,4,450031,187.08286930000003
0,58996619,7,1322.0,1,115000.0,2,11,5,84,3,60052,1.0
0,59003447,7,1226.0,3,90000.0,2,11,-1,106,5,450089,200.0
0,59005860,4,1256.0,1,68000.0,2,8,5,105,3,350058,163.86885
0,54986049,7,1268.0,1,379000.0,2,11,-1,108,5,151304,389.0372733
0,54986687,7,1341.5,3,112000.0,2,11,8,83,5,60090,1.0
0,58985236,5,1265.0,3,135000.0,2,15,5,100,5,151300,231.72181600000002
1,58995950,7,1218.5,1,101000.0,2,11,3,101,3,350100,273.86127880000004
0,58985870,5,1257.5,3,95000.0,2,15,5,93,5,60036,1.0
0,54988306,7,,2,102000.0,2,11,5,101,5,450027,173.20508080000002
0,54985355,7,1341.5,3,183000.0,2,11,5,78,5,151300,246.6049472
0,54983198,5,1230.5,3,78000.0,2,15,5,85,5,72000,232.3790008
1,54990623,4,,2,44000.0,2,8,5,89,3,72000,171.01461930000002
0,59002542,5,1257.5,3,35000.0,2,15,5,100,5,60036,200.0
0,54988718,7,1292.0,1,130000.0,2,11,5,108,3,60040,1.0
0,58998715,4,1376.0,3,77000.0,2,8,9,113,5,151300,225.8362238
0,59000887,4,1227.5,3,50000.0,2,8,5,100,3,60027,173.20508080000002
0,59001300,4,1241.0,3,52000.0,2,8,5,110,4,151011,1.0
0,58988028,5,1287.5,1,126000.0,2,15,5,107,3,350071,316.22776600000003
0,59001565,4,1302.5,3,143000.0,2,8,5,75,5,60014,1.0
0,54987865,7,1313.0,1,113000.0,2,11,5,107,5,60002,1.0
0,58984737,5,1292.0,3,130000.0,2,15,2,111,4,71000,173.20508080000002
0,59002836,7,1263.5,3,120000.0,2,11,9,86,5,151300,1.0
0,58996551,7,1308.5,1,442000.0,2,11,9,106,4,151011,1.0
0,58988646,7,1265.0,3,118000.0,2,11,5,106,5,450080,626.8971207000001
0,54989050,4,1163.0,3,42000.0,2,8,10,113,4,151300,1.0
1,58997773,4,,2,45000.0,2,8,5,111,4,151300,173.20508080000002
0,58991432,7,,2,117000.0,2,11,-1,87,3,332720,1.0
1,54984386,5,1245.5,3,81000.0,2,15,5,80,5,60004,1.0
0,54988080,7,1253.0,3,72000.0,2,11,9,112,3,330008,165.9759019
0,59004100,4,1299.5,3,35000.0,2,8,5,111,3,60029,1.0
0,59004930,4,1212.5,3,73000.0,2,8,5,85,3,72001,1.0
0,58982563,5,1356.5,3,198000.0,2,15,5,90,5,71000,173.20508080000002
0,54990557,4,1298.0,1,124000.0,2,8,5,89,3,151009,200.0
0,54983200,5,1287.5,3,102000.0,2,15,5,112,5,60062,173.20508080000002
0,54990031,4,1275.5,3,90000.0,1,8,5,103,5,72049,173.20508080000002
1,58996172,7,1293.5,1,87000.0,2,11,5,113,3,450080,170.2468796
0,54985432,7,1260.5,3,115000.0,2,11,5,85,5,60084,1.0
0,58997555,4,1266.5,3,207000.0,2,9,5,100,1,71002,316.22776600000003
0,58986294,5,1286.0,1,99000.0,2,15,-1,87,5,60000,1.0
0,54985261,7,1353.5,1,187000.0,2,11,-1,114,5,340018,207.3644135
1,58983500,5,,2,45000.0,2,15,9,113,4,72000,118.68445559999999
0,58984900,5,1191.5,3,53000.0,2,15,5,114,4,72000,187.08286930000003
0,54987017,7,1241.0,3,54000.0,1,11,5,99,5,72003,164.3167673
0,58990826,7,,2,118000.0,2,11,9,107,5,72000,187.08286930000003
1,58989592,7,1305.5,1,87000.0,2,11,-1,114,4,72000,186.4564292
0,58986188,5,1314.5,1,119000.0,2,15,-1,75,5,450063,194.93588689999999
0,58997607,4,1268.0,1,118000.0,2,8,-1,95,3,330006,1.0
0,59005490,4,1287.5,1,110000.0,2,8,5,89,5,72049,190.9345438
0,58992082,7,1296.5,1,76000.0,2,11,10,113,4,72001,1.0
0,54986028,7,1290.5,3,116000.0,2,11,5,85,5,151300,223.6067977
1,58993253,7,1328.0,1,127000.0,2,11,-1,112,4,60043,1.0
0,58987165,5,1317.5,1,89000.0,2,15,9,114,4,450080,178.1375873
0,58993081,7,1215.5,3,35000.0,2,11,9,113,4,60038,1.0
0,58989270,7,1362.5,1,150000.0,2,11,-1,90,5,350020,316.22776600000003
0,59004226,4,,2,38000.0,2,8,9,109,4,60028,158.11388300000002
0,58984371,5,1263.5,3,126000.0,2,15,5,113,4,72000,1.0
0,58990002,7,1277.0,3,101000.0,2,11,9,106,4,450050,200.0699878
0,58994284,7,1214.0,3,81000.0,2,11,9,114,4,450012,204.93901530000002
0,58983376,5,1272.5,3,49000.0,2,15,-1,86,5,330004,200.0
0,59003524,4,1322.0,1,87000.0,2,8,5,90,4,151300,1.0
0,59000414,4,1356.5,1,220000.0,2,8,5,107,4,151011,1.0
0,54990550,4,1313.0,3,338000.0,2,8,5,90,5,60004,1.0
0,59002145,4,1358.0,3,162000.0,2,8,5,110,4,72001,1.0
0,54983229,5,1310.0,3,270000.0,2,15,5,115,4,60019,299.9533297
0,59003330,4,1260.5,3,110000.0,2,8,5,109,4,151300,1.0
0,54984987,5,1296.5,1,130000.0,2,15,5,110,3,361039,187.08286930000003
0,54986472,7,1250.0,3,82000.0,2,11,5,105,5,72000,1.0
0,58994630,7,1226.0,3,61000.0,2,11,9,105,3,151300,1.0
0,58998147,4,1296.5,3,94000.0,2,8,9,114,4,60058,1.0
0,58994981,7,,2,72000.0,2,11,5,109,3,60019,169.4845126
0,54987053,7,1245.5,3,58000.0,2,11,5,85,5,60024,1.0
0,54985643,7,,3,203000.0,2,11,-1,107,4,450012,158.11388300000002
1,54988283,7,,2,70000.0,2,11,9,110,4,151304,187.08286930000003
1,54986538,7,1223.0,3,55000.0,2,11,5,89,5,60069,1.0
0,54985621,7,1338.5,3,162000.0,2,11,5,108,5,151300,200.0
0,58989576,7,1272.5,3,119000.0,2,11,5,82,5,60068,202.4845673
1,58990902,7,1215.5,3,58000.0,2,11,5,96,5,60033,158.11388300000002
0,58990187,7,1364.0,3,260000.0,2,11,5,96,5,60007,1.0
1,59001975,4,1179.5,3,49000.0,1,8,5,105,5,60032,173.20508080000002
1,58999754,4,1310.0,3,88000.0,2,8,5,100,5,60005,1.0
0,58994117,7,1323.5,1,122000.0,2,11,5,86,3,151300,1.0
1,59001900,4,1256.0,3,180000.0,2,8,5,105,5,60018,1.0
1,58984653,5,,2,44000.0,2,15,5,111,5,151300,169.6113204
0,58987232,5,,3,71000.0,2,15,-1,90,4,450000,158.11388300000002
0,58986183,5,,2,72000.0,2,15,5,114,5,350050,168.6979549
0,59006139,6,1241.0,1,74000.0,2,6,-1,105,3,60027,200.0
0,58994409,7,1227.5,3,67000.0,2,11,5,85,5,151009,1.0
1,58995436,7,1256.0,3,96000.0,2,11,5,102,3,72000,200.0
1,59002628,4,1218.5,3,48000.0,2,8,5,90,5,72001,187.08286930000003
0,58990626,7,1227.5,3,250000.0,2,11,9,100,5,60054,187.08286930000003
0,58986997,5,1316.0,3,141000.0,2,15,5,99,4,550004,223.6067977
0,58982507,5,1449.5,3,90000.0,2,15,5,107,4,60091,158.11388300000002
1,59002472,7,1245.5,3,65000.0,1,11,5,109,5,151300,173.20508080000002
1,54983232,5,1230.5,3,72000.0,2,15,9,113,4,151304,173.20508080000002
0,58997719,4,1223.0,3,63000.0,2,8,5,91,5,60095,228.035085
1,59001617,4,1304.0,3,35000.0,2,8,5,110,4,72000,200.0
0,58998223,4,1241.0,3,50000.0,2,8,9,105,3,72000,255.48385469999997
0,54988666,7,1262.0,1,94000.0,2,11,5,89,3,60018,187.08286930000003
0,54991404,4,1278.5,1,201000.0,2,8,5,102,5,72000,1.0
0,58982423,2,1407.5,1,153000.0,2,3,9,112,5,151309,1.0
0,58989777,7,1274.0,1,240000.0,2,11,-1,104,5,350100,300.0
1,59000101,4,1223.0,3,50000.0,2,8,5,110,4,72000,173.20508080000002
0,54988259,7,1218.5,3,67000.0,1,11,5,114,4,72000,237.0442997
1,54983809,5,1299.5,3,30000.0,2,15,5,100,5,350059,316.22776600000003
0,58989278,7,1278.5,3,114000.0,2,11,9,112,1,60010,200.0
0,58987186,5,1230.5,3,61000.0,2,15,5,109,4,60020,173.20508080000002
1,58999712,4,,2,63000.0,2,8,5,111,5,60000,160.77002209999998
0,58998988,4,1239.5,3,103000.0,2,8,5,103,5,60036,244.94897430000003
0,58996773,7,1214.0,3,74000.0,2,11,5,110,4,60058,204.93901530000002
0,54991294,4,1256.0,3,101000.0,2,8,9,110,5,60084,1.0
0,54990417,4,1239.5,3,65000.0,2,8,5,92,5,151300,200.0
0,54986797,7,1254.5,3,81000.0,2,11,5,110,5,60057,200.0
0,58997216,7,1340.0,1,296000.0,2,11,5,110,5,72000,1.0
0,58987530,5,1304.0,1,146000.0,2,15,5,90,3,350008,1.0
0,54986125,7,1266.5,1,111000.0,2,11,-1,79,5,60026,1.0
1,58985005,5,1316.0,3,48000.0,2,15,5,114,4,450033,297.52814989999996
0,54987215,7,1296.5,3,136000.0,2,11,5,115,4,71002,220.2271555
0,58996654,7,1340.0,1,80000.0,2,11,5,110,4,71002,162.4869226
1,58997183,7,1272.5,1,50000.0,1,11,-1,107,3,60085,1.0
1,59001375,4,1305.5,3,65000.0,2,8,9,80,5,60041,204.93901530000002
0,54990272,4,1230.5,3,85000.0,2,8,5,86,5,72000,1.0
1,58991085,7,,2,93000.0,2,11,5,108,5,60000,189.2247341
0,58988942,7,1325.0,1,80000.0,2,12,-1,82,3,60026,1.0
1,54989207,4,,2,49000.0,1,8,2,114,4,71000,180.2803373
0,58985578,5,1311.5,3,115000.0,2,15,9,88,5,60014,200.0
1,54988051,7,1266.5,1,103000.0,2,11,5,89,5,60061,1.0
0,59004571,4,1241.0,1,115000.0,2,8,5,105,3,151300,221.35943619999998
0,58982587,5,1289.0,3,74000.0,1,15,5,109,5,60088,223.6067977
1,54984134,5,1230.5,3,35000.0,2,15,5,112,5,60057,1.0
0,54983411,5,,3,35000.0,2,15,9,113,4,72000,226.508278
0,58983482,5,1367.0,3,127000.0,2,15,5,101,5,60054,223.6067977
0,54992564,7,1350.5,3,130000.0,1,11,5,97,5,60016,173.20508080000002
0,54985110,7,1206.5,3,66000.0,2,11,5,104,5,60000,173.20508080000002
0,54991585,4,1271.0,3,120000.0,2,8,5,89,3,60001,200.0
1,59003280,4,1241.0,3,68000.0,2,8,5,102,4,60020,173.20508080000002
0,58997314,4,1406.0,1,208000.0,2,8,-1,112,5,340001,223.6067977
0,58994376,7,1443.5,3,162000.0,2,11,9,110,5,72014,328.16002189999995
0,54986165,7,1308.5,1,110000.0,2,11,5,108,4,60004,1.0
0,54986113,7,1343.0,1,157000.0,2,11,-1,103,5,72000,1.0
0,59003191,4,1278.5,3,97000.0,2,8,5,100,3,72015,223.6067977
0,58988853,7,1290.5,3,116000.0,1,11,5,109,4,60062,196.4942747
0,58994395,7,1281.5,3,99000.0,2,11,9,114,5,60052,1.0
0,58996507,7,1214.0,3,58000.0,2,11,9,103,4,60091,1.0
0,58987276,5,,3,50000.0,2,15,9,110,5,450080,194.93588689999999
1,54988520,7,1227.5,3,90000.0,1,11,5,100,3,60040,158.11388300000002
0,59001486,4,1295.0,1,30000.0,2,8,-1,93,5,350052,316.22776600000003
0,54991474,4,1256.0,1,129000.0,2,8,9,110,5,60042,1.0
0,58983868,5,1304.0,3,150000.0,2,15,5,105,5,550107,264.57513109999996
0,59004748,4,,2,105000.0,2,8,5,109,3,60014,187.08286930000003
1,54991108,4,1269.5,1,210000.0,2,8,-1,84,3,330012,1.0
0,54991470,4,1338.5,1,150000.0,2,8,5,110,5,60029,316.22776600000003
0,54991497,4,1347.5,1,138000.0,2,8,5,102,5,60013,181.65902119999998
0,58991640,7,1310.0,1,140000.0,2,11,5,90,5,60002,200.0
0,59000580,4,1244.0,3,116000.0,2,8,5,111,4,60002,1.0
1,54984634,5,,3,111000.0,2,15,5,99,3,350075,164.3167673
0,59000958,4,1262.0,1,360000.0,2,8,-1,113,4,151300,200.0
0,58994712,7,1287.5,1,135000.0,2,11,5,109,4,72000,1.0
0,58990727,7,1469.0,3,103000.0,2,11,5,71,5,60092,1.0
0,59005598,4,,2,108000.0,2,8,-1,108,3,340000,184.7241186
0,58998925,4,1311.5,3,150000.0,2,8,9,83,5,60052,1.0
0,58994035,7,1302.5,1,110000.0,2,11,5,108,4,151002,1.0
1,54988154,7,,2,56000.0,2,11,5,113,3,366001,165.93070840000001
0,59004290,4,1257.5,3,113000.0,2,8,5,100,5,60014,1.0
0,54984577,5,1311.5,1,91000.0,1,15,7,113,4,151306,1.0
0,59002087,4,1287.5,3,127000.0,2,8,5,111,3,60059,200.0
0,54988464,7,,2,255000.0,2,11,5,99,3,60058,223.6067977
1,58994429,7,1295.0,3,73000.0,2,11,5,100,5,350076,223.6067977
0,54986325,7,1247.0,3,110000.0,2,11,5,91,4,60007,1.0
0,54991827,4,1343.0,1,128000.0,2,8,-1,107,5,361022,1.0
0,54985569,7,1280.0,1,93000.0,2,11,-1,110,4,550000,181.65902119999998
0,58989402,7,1325.0,1,195000.0,2,11,5,109,5,350703,221.35943619999998
0,58993180,7,1286.0,1,110000.0,2,11,5,112,5,60033,1.0
1,58989748,7,1200.5,3,110000.0,2,11,5,113,4,60034,249.69981980000003
0,58982401,7,1322.0,3,133000.0,2,11,9,99,3,350609,209.85709419999998
1,54991492,4,1256.0,1,120000.0,2,8,5,99,4,151000,173.20508080000002
0,58991938,7,1289.0,1,97000.0,2,11,9,110,3,72008,200.0
1,58989705,7,1311.5,3,105000.0,2,11,9,88,5,60043,187.08286930000003
0,58991751,7,1308.5,3,123000.0,2,11,5,100,4,60014,200.0
0,58995860,7,1362.5,3,93000.0,2,11,5,115,4,151300,1.0
0,59005871,4,1356.5,1,136000.0,2,8,5,74,3,72000,1.0
0,58997904,4,1277.0,3,135000.0,2,8,5,84,5,60091,1.0
1,58998275,4,1239.5,3,30000.0,2,8,5,100,5,350017,223.6067977
0,54988608,7,1214.0,3,60000.0,2,11,9,108,4,151300,158.11388300000002
0,54985058,7,1266.5,3,227000.0,2,11,9,112,4,151300,254.9509757
1,58994767,7,1377.5,1,55000.0,2,11,5,114,3,151009,212.1320344
1,54986146,7,1358.0,1,121000.0,2,11,5,112,4,151300,173.20508080000002
0,54991090,4,1379.0,3,489000.0,2,8,9,99,5,72001,223.6067977
0,54987233,7,1371.5,3,121000.0,2,11,9,85,3,60004,1.0
1,58992044,7,1365.5,1,130000.0,2,11,-1,100,3,341439,173.20508080000002
0,58992510,7,1271.0,3,85000.0,1,11,9,100,4,60052,158.11388300000002
0,54984476,5,1259.0,3,80000.0,2,15,5,112,3,350000,223.6067977
0,54984616,5,,2,102000.0,2,15,5,104,3,350055,184.39088909999998
0,58991820,7,1274.0,3,183000.0,2,11,9,77,3,510084,692.820323
0,54991473,4,,2,120000.0,2,8,5,105,3,60050,173.20508080000002
0,58987349,5,1248.5,3,106000.0,2,15,5,85,3,151300,1.0
0,58995117,7,1268.0,3,111000.0,2,11,5,100,3,151010,200.0
0,58996069,7,1233.5,3,62000.0,2,11,3,88,3,450194,244.94897430000003
1,54985234,7,1214.0,3,66000.0,2,11,5,82,3,60019,200.0
0,58986587,5,1241.0,3,54000.0,2,15,5,112,4,151300,1.0
1,58983909,5,1262.0,3,130000.0,2,15,5,100,5,151304,189.7366596
1,59004658,4,1257.5,3,105000.0,2,8,5,73,3,151009,1.0
0,54984524,5,1350.5,1,155000.0,2,15,8,104,5,60004,1.0
0,58999145,4,1262.0,3,185000.0,2,8,5,105,5,151300,173.20508080000002
0,58983108,5,1415.0,3,169000.0,2,15,5,81,5,72000,237.1708245
0,59000942,4,1268.0,3,149000.0,2,8,5,106,3,72001,173.20508080000002
0,59005266,4,1266.5,1,99000.0,2,8,5,86,3,72002,1.0
0,58995451,7,1248.5,3,60000.0,2,11,5,90,3,60074,1.0
0,54988209,7,1305.5,3,93000.0,1,11,3,104,3,60032,200.0
0,58999019,4,1322.0,3,199000.0,2,8,5,111,4,72000,1.0
1,58994016,7,1310.0,1,186000.0,2,11,-1,112,3,340019,223.6067977
0,58992627,7,1305.5,1,50000.0,2,12,-1,113,3,350061,226.14597059999997
0,58988822,7,1251.5,3,240000.0,2,11,5,85,3,151300,194.93588689999999
0,58986566,5,1320.5,3,150000.0,2,15,9,108,5,361028,200.0
0,58990308,7,1307.0,3,195000.0,2,11,9,95,5,72003,200.0
0,58987368,5,1220.0,3,64000.0,2,15,5,114,4,60033,187.08286930000003
1,58997724,4,1313.0,3,134000.0,2,8,5,104,3,60054,244.94897430000003
0,59002317,4,1266.5,3,87000.0,2,8,-1,98,5,361029,1.0
0,58985063,5,1215.5,3,94000.0,2,15,-1,86,5,550088,223.6067977
0,58987035,5,1413.5,1,204000.0,2,15,9,107,5,350002,200.0
0,54982530,5,1272.5,3,120000.0,1,15,5,110,5,72000,187.08286930000003
0,54985173,7,1245.5,3,68000.0,2,11,5,111,4,60091,200.0
0,58990258,7,,2,69000.0,1,11,5,106,4,60064,173.20508080000002
0,58983905,5,1257.5,3,91000.0,2,15,5,94,5,60043,200.0
0,54982579,5,1338.5,3,325000.0,2,15,5,110,5,60033,316.22776600000003
0,58996120,7,1211.0,3,66000.0,2,11,5,101,4,60015,1.0
0,54983934,5,1223.0,3,54000.0,2,15,-1,112,4,450018,169.7056275
0,54985197,7,1191.5,3,70000.0,2,11,9,107,5,450032,192.35384059999998
1,58996391,7,1386.5,1,165000.0,2,11,-1,100,3,350098,173.20508080000002
0,54989545,4,1326.5,3,140000.0,2,8,5,100,5,60013,1.0
0,59001951,4,1287.5,1,112000.0,2,8,5,90,3,330015,1.0
1,54984182,5,1281.5,3,144000.0,2,15,5,68,1,60057,1.0
0,58994468,7,1283.0,3,100000.0,2,11,5,95,3,332444,1.0
0,58999963,4,1229.0,3,62000.0,2,8,5,84,5,60019,1.0
1,58990611,7,,3,79000.0,2,11,-1,112,4,72000,177.0028248
0,54982998,5,1284.5,3,132000.0,2,15,9,109,5,151009,228.9847156
1,58991618,7,1257.5,1,98000.0,2,11,-1,101,3,60075,1.0
0,54986288,7,1278.5,1,105000.0,2,11,-1,112,4,450002,158.11388300000002
0,58989333,7,1305.5,3,111000.0,2,11,9,113,4,72015,212.1320344
1,58990136,7,1250.0,3,94000.0,2,11,5,113,4,71000,187.08286930000003
0,58988263,5,1316.0,1,202000.0,2,15,5,105,5,450054,223.6067977
0,58994224,7,1274.0,1,328000.0,2,11,-1,82,5,450000,244.94897430000003
0,58998583,4,1310.0,3,129000.0,1,8,5,100,5,151300,181.65902119999998
1,54985358,7,,2,97000.0,2,11,5,76,5,72000,179.0809873
1,58993137,7,1205.0,3,63000.0,2,11,5,106,3,151300,1.0
0,58991395,7,1299.5,1,87000.0,2,11,5,85,5,151300,1.0
0,54990536,4,1241.0,3,35000.0,2,8,5,99,5,60084,158.11388300000002
0,58986069,5,1322.0,3,195000.0,2,15,9,95,5,60000,200.0
0,54983694,5,1329.5,3,195000.0,2,15,5,64,5,60065,1.0
0,59001175,4,1292.0,1,117000.0,2,8,5,99,5,60052,200.0
1,59002037,4,1292.0,1,115000.0,2,8,5,114,5,350060,192.35384059999998
0,54988879,4,1223.0,3,68000.0,2,8,-1,112,5,340014,187.08286930000003
0,54986055,7,1238.0,3,66000.0,2,11,5,79,3,450017,214.4761059
1,54988522,7,1214.0,3,58000.0,2,11,5,110,4,151300,158.11388300000002
0,59005413,4,1226.0,3,73000.0,1,8,5,104,5,60058,158.11388300000002
0,59005683,4,,2,75000.0,2,8,-1,107,3,151300,173.20508080000002
0,54989353,4,1260.5,3,143000.0,2,8,9,110,4,60016,202.4845673
0,59001626,4,1400.0,3,383000.0,1,8,5,100,5,60024,212.1320344
1,54991086,4,1289.0,1,143000.0,2,8,5,70,5,60091,1.0
0,59003950,4,1263.5,1,102000.0,2,8,9,103,3,60024,200.0
0,58986950,5,1308.5,3,131000.0,1,15,5,110,5,72000,1.0
0,59003138,4,,2,45000.0,2,8,9,114,4,60064,173.20508080000002
0,58992009,7,1290.5,3,273000.0,2,11,9,113,3,60063,223.6067977
0,58989298,7,1364.0,3,106000.0,2,11,5,86,3,510003,187.08286930000003
0,59002940,4,1259.0,3,75000.0,2,8,5,89,5,151000,1.0
0,54983292,5,,2,114000.0,2,15,5,110,4,72049,195.69108310000001
0,58991228,7,,2,128000.0,2,11,9,111,4,151300,206.51876430000002
0,54985241,7,1275.5,3,90000.0,2,11,5,110,4,450015,212.1320344
1,58985805,5,1241.0,3,46000.0,2,15,5,80,5,350092,175.1570724
0,58994299,7,1340.0,1,99000.0,2,11,-1,85,5,350069,181.10770280000003
1,58993220,7,1344.5,3,137000.0,2,11,5,101,5,72000,1.0
1,54984903,5,1371.5,3,83000.0,2,15,5,95,3,350704,165.6653253
0,54988329,7,1215.5,3,67000.0,2,11,5,95,3,151306,134.95554819999998
0,58986218,5,1191.5,3,61000.0,2,15,-1,111,4,72001,1.0
0,54986944,7,1266.5,1,109000.0,2,11,3,107,3,330021,1.0
0,58999582,4,1214.0,3,63000.0,2,8,-1,85,3,330014,1.0
0,54986508,7,1310.0,1,169000.0,2,11,5,109,4,60058,316.22776600000003
0,59001818,4,1332.5,3,153000.0,2,8,5,112,4,72001,1.0
0,54983623,5,1353.5,3,143000.0,2,15,5,110,4,60007,1.0
0,58991914,7,1377.5,3,500000.0,2,11,2,89,5,350052,387.29833460000003
1,58993131,7,,2,120000.0,2,11,5,101,5,72000,265.3394053
0,58997104,7,1241.0,1,74000.0,2,11,5,105,3,72000,1.0
0,58983893,5,1223.0,3,81000.0,2,15,9,112,4,60018,1.0
0,54989180,4,1241.0,3,68000.0,2,8,5,107,5,72000,173.20508080000002
0,58989048,7,1298.0,3,182000.0,2,11,5,100,5,60001,244.94897430000003
0,58986443,5,1362.5,1,114000.0,2,15,-1,112,4,361005,1.0
0,58991343,7,1358.0,3,500000.0,2,11,2,112,5,510000,316.22776600000003
0,58999966,4,1271.0,3,118000.0,1,8,5,80,5,60017,282.8427125
0,59005448,4,1232.0,3,100000.0,2,8,5,95,3,350012,200.0
0,59003701,4,1322.0,1,35000.0,2,8,-1,111,5,151307,1.0
0,58989779,7,1350.5,3,176000.0,2,11,9,102,3,151004,1.0
0,54991614,4,1266.5,3,101000.0,2,8,9,101,4,60084,1.0
0,54988970,4,1250.0,3,115000.0,2,8,9,112,4,151300,255.4290508
0,54992094,4,1296.5,1,127000.0,2,8,5,107,3,60019,1.0
0,58984421,5,1290.5,3,86000.0,2,15,5,93,5,60033,1.0
0,54992137,4,,2,83000.0,2,8,5,110,3,71000,1.0
1,58988337,5,1241.0,3,42000.0,2,15,-1,107,5,60004,165.5505965
0,54986688,7,1319.0,3,177000.0,2,11,5,112,3,60042,1.0
0,59001304,4,1250.0,3,120000.0,2,8,5,91,5,60064,1.0
1,58995877,7,1277.0,3,132000.0,2,11,9,80,5,60016,1.0
0,59000211,4,1313.0,1,135000.0,2,8,5,75,5,60064,1.0
0,58982923,5,,2,58000.0,2,15,2,112,4,151300,1.0
0,54985748,7,1317.5,3,264000.0,2,11,5,83,5,72000,1.0
0,59000320,4,1214.0,3,62000.0,2,8,9,114,4,151300,1.0
0,58986723,7,1322.0,3,195000.0,1,11,5,104,5,71000,173.20508080000002
0,54984201,5,1250.0,3,79000.0,2,15,5,110,4,72001,1.0
1,54986064,7,1281.5,1,173000.0,2,11,-1,106,5,72000,1.0
0,58993563,7,1239.5,1,78000.0,2,11,-1,97,3,371301,200.0
0,58984589,5,1232.0,3,89000.0,2,15,9,112,4,72000,200.0
0,58989171,7,1289.0,3,305000.0,1,11,5,110,5,60033,236.6431913
0,58993422,7,1281.5,3,84000.0,2,11,5,113,4,60091,158.11388300000002
0,59004328,4,1214.0,3,99000.0,2,8,5,84,3,60017,173.20508080000002
1,58997157,7,,2,91000.0,2,11,-1,105,3,60074,1.0
0,59004333,4,1299.5,1,157000.0,2,8,5,113,3,151300,158.11388300000002
1,58999328,4,,2,94000.0,2,8,-1,109,5,340006,200.0
0,58987402,5,1241.0,3,62000.0,2,15,9,95,4,60023,1.0
0,58984182,5,1286.0,3,92000.0,1,15,5,81,3,60018,200.0
0,58985868,5,1218.5,3,215000.0,2,15,5,82,5,60016,1.0
0,54989370,4,1293.5,3,201000.0,2,8,9,113,5,72049,223.6067977
0,59004304,4,1227.5,1,150000.0,2,8,5,78,3,72000,1.0
1,59001676,4,1287.5,3,120000.0,2,8,9,114,5,60059,1.0
0,59006239,7,1322.0,3,68000.0,2,11,5,86,3,72015,1.0
1,54985192,7,1230.5,3,72000.0,2,11,5,85,5,60069,1.0
0,58982511,5,,2,160000.0,2,15,-1,85,5,450043,200.0
0,54988388,7,1335.5,1,71000.0,2,11,9,110,4,72000,168.0981856
0,58984757,5,1223.0,3,56000.0,2,15,5,112,4,151300,212.1320344
0,58982376,1,1410.5,1,300000.0,2,4,-1,64,5,340009,1.0
1,59001607,4,1187.0,3,100000.0,2,8,5,102,3,60017,547.7225575
0,54989322,4,,2,54000.0,2,8,5,89,5,72016,189.7366596
1,58989236,7,1268.0,3,90000.0,2,11,5,86,5,71002,1.0
0,58995803,7,1266.5,3,74000.0,2,11,5,105,4,60054,1.0
0,58993153,7,1227.5,3,68000.0,2,11,5,114,3,345009,192.35384059999998
0,58988432,7,1289.0,1,139000.0,2,11,-1,114,4,450033,214.4761059
0,58992134,7,1235.0,1,114000.0,2,11,-1,85,5,450088,1.0
0,59003723,4,,2,81000.0,2,8,5,110,3,72014,163.5267562
1,59004885,4,1272.5,1,141000.0,2,8,5,110,3,151300,1.0
0,54982913,5,1287.5,3,163000.0,2,15,5,90,5,72014,200.0
0,54987336,7,1308.5,3,194000.0,2,11,5,105,4,60051,223.6067977
0,54985214,7,1349.0,1,193000.0,2,11,5,100,5,350063,316.22776600000003
0,58986623,5,1278.5,1,98000.0,2,15,-1,82,5,450033,173.20508080000002
0,58984708,5,1481.0,3,101000.0,2,15,5,100,5,60091,223.6067977
1,58991614,7,1230.5,3,64000.0,2,11,3,82,5,60058,200.0
0,58984128,5,1404.5,1,150000.0,2,15,9,100,5,71002,316.22776600000003
0,58982672,5,1239.5,3,58000.0,2,15,5,107,5,60017,1.0
0,58984798,5,1299.5,3,273000.0,2,15,2,108,5,72000,200.0
0,58988044,5,1241.0,3,66000.0,2,15,9,115,3,350077,174.34448659999998
0,58984972,5,1269.5,3,124000.0,2,15,5,112,4,60033,204.93901530000002
0,54985180,7,1215.5,3,63000.0,1,11,5,100,5,71000,212.1320344
0,58986444,5,1319.0,3,15000.0,2,15,5,114,3,450069,158.11388300000002
0,59005128,4,1250.0,1,84000.0,1,8,5,100,3,60019,167.33200530000002
0,58993212,7,1323.5,1,117000.0,2,11,9,112,4,550001,230.2172887
0,58982397,1,1293.5,1,500000.0,2,4,9,105,5,650005,1.0
0,58994911,7,1250.0,3,60000.0,2,11,5,114,4,72001,707.1067812000001
0,54989286,4,1269.5,3,162000.0,2,8,9,81,5,60019,1.0
0,58992588,7,1287.5,3,144000.0,2,11,5,114,4,72000,221.35943619999998
0,54985929,7,,2,73000.0,2,11,9,114,4,361000,153.39165559999998
0,54983046,5,1314.5,3,117000.0,2,15,5,109,5,60018,200.0
0,59005254,4,1314.5,1,89000.0,2,8,-1,100,5,60017,1.0
0,59003613,4,,2,81000.0,1,8,9,100,5,72000,200.4120755
0,58991271,7,1314.5,1,150000.0,1,11,-1,115,5,72000,1.0
0,58985654,5,1214.0,3,114000.0,2,15,5,90,5,60091,1.0
0,58999945,4,1194.5,3,63000.0,2,8,9,105,4,72001,223.6067977
0,58990734,7,1278.5,1,88000.0,2,11,-1,89,5,60001,1.0
1,58989082,7,1299.5,3,64000.0,2,11,5,110,4,510090,178.24140930000002
1,54990614,4,1389.5,1,186000.0,2,8,9,110,3,60014,1.0
0,58985486,5,1298.0,3,149000.0,2,15,5,112,5,510069,222.55111769999996
0,58986657,5,1322.0,3,71000.0,2,15,5,114,4,510034,216.374675
0,54991669,4,,2,41000.0,2,8,5,110,3,60036,164.18587030000003
0,54985862,7,1292.0,3,163000.0,2,11,5,109,5,60016,187.08286930000003
0,58985599,5,1305.5,3,129000.0,2,15,5,95,3,60061,223.6067977
0,58988787,7,,2,83000.0,2,11,9,85,5,72000,1.0
0,58984475,5,,3,154000.0,2,15,5,110,5,60036,212.1320344
0,59002389,4,,2,105000.0,1,8,5,99,5,151300,186.7136846
1,54983144,5,1214.0,3,58000.0,2,15,5,112,4,72000,200.0
0,54988391,7,1203.5,3,71000.0,2,11,5,110,3,151300,200.0
0,58997686,4,1250.0,1,87000.0,2,8,5,105,5,60069,212.1320344
0,59003717,4,,2,86000.0,2,8,5,114,5,151300,169.1123887
0,59001751,4,1346.0,1,102000.0,2,8,-1,100,5,60095,200.0
0,59000851,4,1302.5,3,410000.0,2,8,9,84,5,60018,1.0
0,59001171,4,1200.5,3,69000.0,2,8,5,104,5,60064,1.0
0,58997757,4,,2,71000.0,2,8,9,90,5,72015,167.4962686
0,58990649,7,1223.0,3,78000.0,2,11,-1,75,5,450007,173.20508080000002
0,54987088,7,,2,74000.0,2,11,9,85,5,60073,1.0
0,58985198,5,1307.0,3,166000.0,2,15,5,88,5,60065,235.08296409999997
0,58998105,4,1287.5,3,206000.0,2,8,9,102,3,72000,202.4845673
0,59000044,7,,2,51000.0,2,11,5,112,4,72015,170.29386369999997
0,58997876,4,1364.0,3,194000.0,2,8,5,110,5,151004,223.6067977
0,58988360,5,,2,35000.0,2,15,5,114,4,60069,1.0
0,58999718,4,1308.5,3,312000.0,2,8,8,89,5,60014,1.0
0,54988000,7,,2,180000.0,2,11,5,114,3,72001,167.33200530000002
0,54983721,5,1475.0,3,96000.0,2,15,9,110,5,72001,1.0
0,58992482,7,,2,51000.0,2,11,5,110,4,550013,182.7977024
0,54985215,7,1206.5,3,76000.0,2,11,5,108,4,72000,173.20508080000002
0,58998256,4,1280.0,3,89000.0,2,8,5,85,3,151300,189.7366596
0,54987227,7,1322.0,1,141000.0,2,11,5,84,3,60004,1.0
1,58985900,5,,2,43000.0,2,15,9,111,5,361027,167.7885574
0,54991626,4,,2,92000.0,2,8,-1,107,4,350052,158.11388300000002
0,54987871,7,1226.0,3,64000.0,2,11,5,103,3,72000,1.0
1,58992285,7,,2,56000.0,2,11,-1,93,3,72001,212.1320344
1,58985589,5,1224.5,3,45000.0,2,15,5,81,5,450062,173.1588866
0,58991066,7,1220.0,3,77000.0,2,11,5,94,5,72001,1.0
1,59000868,4,1253.0,3,59000.0,2,8,-1,110,4,151300,1.0
0,54985378,7,1203.5,3,76000.0,2,11,5,78,5,60005,173.20508080000002
0,59004991,4,1232.0,1,68000.0,2,8,5,75,4,72001,1.0
0,54987829,7,1320.5,1,102000.0,2,11,5,110,3,151300,200.0
0,58992344,7,1296.5,3,80000.0,2,11,5,112,3,60069,1.0
0,54990270,4,1308.5,3,144000.0,2,8,5,107,5,60016,1.0
0,59006219,4,,2,111000.0,2,8,5,110,4,60091,220.86873930000002
1,58990469,7,1239.5,3,73000.0,2,11,5,87,3,60090,223.6067977
0,58985806,5,1326.5,3,133000.0,2,15,5,110,5,71000,1.0
0,58988092,5,1269.5,1,114000.0,2,15,5,83,3,450058,141.4213562
0,58990724,7,1278.5,3,71000.0,2,11,1,111,3,60019,316.22776600000003
0,59000307,4,1337.0,3,410000.0,2,8,5,83,5,60091,1.0
0,58990756,7,1329.5,3,114000.0,2,11,5,76,5,60040,200.0
0,58984992,5,1250.0,3,78000.0,2,15,5,82,5,350092,176.4256217
1,58986802,5,1241.0,3,61000.0,2,15,2,109,4,552104,187.08286930000003
0,58984207,5,1305.5,3,91000.0,2,15,5,100,5,450003,173.4358671
0,59000209,4,1317.5,1,183000.0,2,8,5,90,5,60019,273.86127880000004
0,58997856,4,,2,65000.0,2,8,9,112,5,72001,206.6615591
0,54982725,5,1332.5,3,325000.0,2,15,5,103,5,151009,200.0
0,58988166,5,1361.0,1,101000.0,2,15,9,115,3,60052,187.08286930000003
0,58998351,4,1328.0,3,488000.0,2,8,9,114,4,60057,632.4555320000001
0,59003267,4,,2,68000.0,2,8,9,114,4,151300,184.01902080000002
0,58984882,5,1290.5,1,106000.0,2,15,-1,112,3,450019,204.93901530000002
0,59005841,4,1308.5,1,123000.0,2,8,5,84,3,151300,173.20508080000002
0,58991638,7,1259.0,3,86000.0,2,11,5,88,5,72000,223.6067977
0,58990576,7,,3,137000.0,2,11,-1,112,4,450080,213.541565
1,54989095,4,1230.5,3,79000.0,2,8,5,112,4,72015,173.20508080000002
0,54985820,7,,3,100000.0,2,11,-1,110,5,450002,167.33200530000002
0,58986339,5,1241.0,1,78000.0,2,15,-1,77,5,450033,199.49937340000002
1,58987715,5,1289.0,1,35000.0,2,15,5,76,5,60063,1.0
1,58998866,4,1287.5,3,126000.0,1,8,5,99,5,151000,173.20508080000002
0,59003249,4,1269.5,3,113000.0,2,8,5,110,5,60091,212.1320344
0,58999612,4,1220.0,3,140000.0,2,8,5,109,4,72010,1.0
0,58990030,7,1326.5,3,96000.0,2,11,5,113,4,591001,1.0
0,58991782,7,1229.0,3,50000.0,2,12,-1,103,3,350061,200.2398562
0,54989873,4,1241.0,3,105000.0,2,8,5,114,4,72000,243.82165609999998
1,54985730,7,1319.0,3,149000.0,2,11,9,112,5,350096,243.9569634
1,58991594,7,1365.5,3,152000.0,1,11,5,84,5,60006,173.20508080000002
0,58987213,5,1229.0,3,46000.0,2,15,-1,111,4,450071,187.08286930000003
1,58997551,4,1305.5,3,130000.0,2,8,5,112,5,361047,1.0
1,59000842,4,1214.0,3,50000.0,2,8,5,114,4,60043,173.20508080000002
0,58991580,7,1251.5,3,103000.0,1,11,5,102,5,60095,173.20508080000002
1,58995407,7,1316.0,1,64000.0,2,11,9,87,5,60079,1.0
1,58992108,7,1241.0,3,56000.0,2,11,9,108,1,60013,158.11388300000002
0,54983039,5,1233.5,3,82000.0,2,15,5,88,3,60014,1.0
0,54984416,5,,2,35000.0,2,16,-1,93,5,335534,105.9008971
1,58995303,7,1304.0,1,113000.0,2,11,9,112,4,350078,264.57513109999996
0,54986826,7,1370.0,1,142000.0,2,11,9,113,4,72014,1.0
0,58989819,7,1299.5,3,500000.0,2,11,5,112,4,72000,1.0
0,58989720,7,1280.0,3,156000.0,1,11,5,96,5,72000,187.08286930000003
0,58988902,7,1287.5,3,164000.0,2,11,5,100,5,60026,282.8427125
0,54987715,7,,2,76000.0,2,11,-1,92,5,60000,1.0
0,58999208,4,1331.0,3,341000.0,2,8,9,114,5,72001,345.73834039999997
0,59000497,4,1257.5,3,88000.0,2,8,5,101,3,60018,200.0
1,59002105,4,1277.0,3,91000.0,2,8,5,114,4,72000,158.11388300000002
0,59005880,4,1241.0,1,86000.0,1,8,5,104,3,72000,187.08286930000003
0,54984727,5,1311.5,1,167000.0,2,15,5,85,5,60058,1.0
0,54989455,4,1287.5,3,107000.0,2,8,9,114,4,60043,200.0
0,58985847,5,,2,35000.0,2,16,-1,113,4,527000,163.4258242
0,59005405,4,1299.5,1,139000.0,2,8,-1,95,5,72000,1.0
0,58992325,7,1263.5,3,148000.0,2,11,5,90,5,60017,1.0
0,59004662,4,1242.5,3,158000.0,2,8,5,113,4,72000,200.0
0,58991759,7,1251.5,3,103000.0,2,11,9,108,4,60095,234.52078799999998
0,58993948,7,1241.0,3,63000.0,2,11,5,112,4,60057,1.0
0,58986716,5,1296.5,3,289000.0,2,15,5,95,5,450027,310.1612484
0,58996500,7,1328.0,1,189000.0,2,11,9,85,5,60019,1.0
0,54984766,5,1283.0,3,90000.0,2,15,5,112,4,510094,189.7366596
1,54984047,5,1274.0,3,76000.0,2,15,5,89,5,60000,173.4358671
0,54987381,7,1214.0,3,58000.0,2,11,5,112,3,450080,145.6021978
0,58982371,1,,2,500000.0,2,5,-1,70,5,350020,1.0
0,59000143,4,,2,47000.0,2,8,9,114,4,60000,175.806712
0,54989125,4,1373.0,3,369000.0,2,8,7,108,5,330005,350.5923559
0,54983342,5,1323.5,3,220000.0,2,15,5,78,5,60002,200.0
0,54989201,4,,2,98000.0,1,8,5,109,4,72050,181.1435895
0,59005255,4,1305.5,1,128000.0,2,8,3,96,3,60042,1.0
0,59004757,4,1278.5,1,103000.0,2,8,5,90,5,60074,202.654879
0,58991841,7,1286.0,3,260000.0,2,11,5,109,3,151300,1.0
0,58988534,7,1223.0,3,63000.0,2,11,5,113,4,151300,1.0
0,58988956,7,1148.0,3,106000.0,2,11,5,94,5,450071,212.1320344
1,54991219,4,1334.0,3,35000.0,2,8,5,77,3,151000,1.0
0,54984131,5,1244.0,3,57000.0,2,15,5,95,5,151300,173.20508080000002
0,58998833,4,1316.0,3,107000.0,2,8,5,112,4,60006,173.20508080000002
0,58983946,5,1338.5,3,107000.0,2,15,5,113,4,72000,1.0
0,58992711,7,1305.5,3,84000.0,2,11,5,112,4,151306,173.20508080000002
0,58996010,7,1275.5,3,136000.0,2,11,5,113,4,151304,1.0
0,58995289,7,,2,50000.0,2,11,5,113,4,450080,167.5649128
1,54986075,7,1245.5,3,81000.0,2,11,5,103,5,60014,1.0
1,59005268,4,,2,67000.0,2,8,-1,100,5,60074,162.9232948
1,54986851,7,,2,89000.0,2,11,9,80,5,72001,243.16660950000002
0,59004946,4,1266.5,1,120000.0,1,8,5,109,4,60023,187.08286930000003
0,59000930,4,1352.0,3,75000.0,2,8,9,105,5,151300,200.0
0,58983073,5,1229.0,3,100000.0,2,15,5,102,5,60060,178.8854382
0,58985964,5,1212.5,3,67000.0,2,15,9,110,5,60083,1.0
0,54988984,4,1214.0,3,99000.0,2,8,5,112,4,72000,200.0
0,54985745,7,1224.5,3,312000.0,2,11,9,99,5,60084,1.0
0,58991389,7,1365.5,3,84000.0,2,11,5,100,3,60023,1.0
0,58994781,7,1287.5,3,133000.0,2,11,5,91,3,151300,1.0
1,54988117,7,1346.0,1,148000.0,2,11,5,105,3,350000,244.94897430000003
0,54988422,7,1289.0,1,144000.0,2,11,5,100,3,71000,200.0
0,54992357,4,1257.5,3,81000.0,2,8,8,107,4,72001,1.0
0,58986298,5,,2,116000.0,2,15,5,110,4,510037,214.84412949999998
0,54989513,4,1304.0,1,257000.0,2,8,5,75,5,72000,212.1320344
0,58993039,7,1286.0,1,86000.0,2,11,-1,95,5,72000,1.0
0,58988933,7,1277.0,3,50000.0,2,11,5,103,5,151301,198.0050504
0,58990200,7,1268.0,3,101000.0,2,11,4,108,5,450032,200.0
0,58990836,7,1244.0,3,130000.0,2,11,5,98,5,450054,282.8427125
1,59003724,4,1332.5,1,106000.0,2,8,5,100,3,60033,1.0
0,58996294,7,1239.5,1,110000.0,2,11,5,80,3,60064,1.0
0,58985356,5,1251.5,3,124000.0,2,15,9,112,4,60091,200.0
0,58982583,5,1278.5,3,143000.0,2,15,5,111,5,60017,1.0
1,54985691,7,1241.0,3,71000.0,2,11,-1,80,5,450071,187.08286930000003
0,58996802,7,1292.0,1,132000.0,2,11,5,64,3,60018,187.08286930000003
0,59001188,4,,2,69000.0,2,8,-1,112,4,60048,166.0331292
0,58989709,7,1352.0,3,71000.0,2,11,5,104,5,60093,1.0
0,58985684,5,1239.5,3,68000.0,2,15,5,100,5,60054,223.6067977
1,54986948,7,1353.5,1,173000.0,2,11,5,65,5,350018,212.1320344
0,59003649,4,1386.5,1,87000.0,2,8,5,105,4,60008,228.5432125
0,58987924,5,1236.5,1,104000.0,2,15,3,112,3,550016,200.0
0,59002731,4,1241.0,3,30000.0,2,8,9,114,3,151300,1.0
0,58990236,7,1335.5,3,546000.0,2,11,3,80,5,330008,1.0
0,58983845,5,,2,62000.0,1,15,5,111,4,151300,186.87428930000002
0,59000129,4,1356.5,3,143000.0,2,8,5,107,5,60054,158.11388300000002
0,58992592,7,1250.0,1,121000.0,2,11,-1,112,4,350091,212.1320344
0,59000502,4,1323.5,1,127000.0,2,8,5,109,4,60077,223.6067977
0,54992408,4,1314.5,1,53000.0,2,8,5,103,5,151300,187.5393292
0,58998624,4,1304.0,3,129000.0,2,8,5,111,4,60001,223.6067977
0,54983279,5,,2,89000.0,2,15,2,87,3,60036,171.9098601
0,59001932,4,1238.0,3,104000.0,2,8,5,109,3,60047,173.20508080000002
1,58982776,5,1164.5,3,35000.0,2,15,5,67,5,60082,200.0
1,58992419,7,1382.0,3,115000.0,2,11,5,100,5,60058,1.0
0,54988645,7,1350.5,1,235000.0,2,11,5,113,3,350704,360.55512749999997
0,54984070,5,,2,83000.0,2,15,5,111,3,151300,181.65902119999998
0,54987807,7,1227.5,3,64000.0,2,11,5,76,3,60005,212.1320344
0,58989774,7,1281.5,1,80000.0,2,12,-1,111,5,60019,235.11486549999998
0,59004203,4,1250.0,3,103000.0,2,8,9,104,5,60071,207.3644135
0,54988630,7,1329.5,1,115000.0,2,11,-1,86,3,341349,141.4213562
0,54991321,4,,2,38000.0,2,8,5,114,3,60014,159.066024
0,59002318,4,1224.5,3,59000.0,2,8,5,80,3,60044,200.0
1,58986727,5,1214.0,3,68000.0,2,15,5,92,3,550044,173.20508080000002
0,58990951,7,1379.0,3,144000.0,2,11,5,113,4,151008,200.0
0,58994773,7,1257.5,3,80000.0,2,11,5,103,5,60047,1.0
0,59002945,4,1260.5,3,74000.0,2,8,5,113,4,151300,1.0
0,58983813,5,1292.0,3,172000.0,2,15,8,113,5,350092,223.6067977
0,54984774,5,1278.5,3,35000.0,2,15,5,80,5,60005,1.0
0,54984388,5,1275.5,3,112000.0,2,15,5,85,5,340022,158.11388300000002
0,58999668,4,1290.5,3,130000.0,2,8,9,114,4,60053,1.0
0,54988132,7,1314.5,1,127000.0,2,11,9,110,3,60008,1.0
0,58983048,5,1341.5,3,66000.0,2,15,4,73,5,450083,181.65902119999998
0,59002841,4,,2,113000.0,2,8,9,93,5,72001,211.8419222
0,54989291,4,1322.0,3,146000.0,2,8,9,100,5,72000,1.0
0,58993461,7,,3,50000.0,2,12,-1,114,4,335534,188.769701
0,59005303,4,1310.0,1,167000.0,2,8,9,105,3,151300,320.1202899
0,54986067,7,1271.0,3,137000.0,2,11,5,68,5,60008,233.2873764
0,59005680,4,1274.0,1,93000.0,1,8,5,100,3,60019,173.20508080000002
0,58999012,4,1166.0,3,176000.0,2,8,5,87,5,60094,1.0
0,58991182,7,1244.0,3,84000.0,2,11,5,108,4,72000,1.0
0,54984211,5,1311.5,3,134000.0,2,15,5,113,5,60015,1.0
0,58997112,7,1202.0,3,63000.0,2,11,-1,112,4,60057,1.0
0,54991742,4,1245.5,3,50000.0,2,8,5,88,3,340017,300.0
1,58986996,5,1250.0,3,50000.0,2,15,5,84,5,350702,200.0
0,54984235,5,1365.5,3,77000.0,2,15,5,109,4,60084,1.0
0,54988125,7,1305.5,1,136000.0,2,11,-1,105,4,60061,1.0
1,58984645,5,1244.0,3,30000.0,2,15,5,100,5,60014,223.6067977
0,59002775,4,1301.0,3,144000.0,2,8,9,113,4,60001,212.1320344
1,58994744,7,1332.5,1,141000.0,2,11,5,109,5,72412,1.0
0,58994048,7,1239.5,3,99000.0,2,11,5,110,4,60027,1.0
0,54986045,7,1284.5,3,132000.0,2,11,5,104,5,60015,1.0
0,54983601,5,1241.0,3,35000.0,2,15,5,104,5,151300,243.35365209999998
0,58993583,7,1338.5,1,156000.0,2,11,-1,69,5,151300,1.0
0,58991753,7,1287.5,1,119000.0,2,11,5,85,5,60031,187.08286930000003
0,59004489,4,1262.0,3,155000.0,2,8,5,110,4,72001,248.30223519999998
0,58991029,7,1328.0,1,105000.0,2,11,-1,109,4,60095,200.0
1,58992006,7,1272.5,3,50000.0,2,11,7,115,4,60007,1.0
0,58995283,7,1229.0,1,170000.0,1,11,5,91,3,550115,244.94897430000003
0,54987316,7,1257.5,3,107000.0,2,11,5,113,4,450071,200.0
0,54988624,7,1274.0,1,120000.0,2,11,5,84,5,151300,1.0
0,59002619,4,1223.0,3,100000.0,2,8,9,114,4,60000,1.0
0,54990339,4,1305.5,1,90000.0,2,8,5,93,5,60085,200.0
1,58994856,7,1215.5,3,60000.0,2,11,-1,112,4,450081,158.11388300000002
0,54992395,4,,2,91000.0,2,8,-1,107,3,60018,1.0
0,58989600,7,1293.5,3,149000.0,2,11,9,84,5,151300,202.4845673
0,58998658,4,1311.5,1,169000.0,2,8,-1,112,5,72000,1.0
0,58987491,5,1241.0,3,84000.0,2,15,5,87,3,60074,1.0
0,58998706,4,,2,90000.0,2,8,5,79,5,72001,173.20508080000002
0,58988855,7,1328.0,3,163000.0,2,11,9,79,5,60062,1.0
0,58997329,4,,2,65000.0,2,8,5,112,4,60015,191.8801709
1,58987200,5,,2,126000.0,2,15,9,83,5,450058,176.0681686
0,58984430,5,1316.0,3,147000.0,2,15,9,105,5,361029,173.20508080000002
0,54982727,5,1305.5,3,157000.0,2,15,9,111,5,71000,249.7999199
0,58997840,4,,2,90000.0,2,8,5,113,4,151307,189.5837546
0,58992450,7,,2,78000.0,2,11,9,84,3,60031,175.6331404
0,58983266,5,1209.5,3,35000.0,2,15,5,78,5,71000,227.015418
0,54988258,7,1320.5,1,119000.0,2,11,5,96,3,60043,212.1320344
0,59004394,4,1292.0,3,187000.0,2,8,-1,114,4,60019,273.0347963
0,58991802,7,1326.5,1,141000.0,2,11,-1,67,5,60007,1.0
0,54989871,4,1380.5,3,270000.0,2,8,5,64,5,60023,1.0
0,54986764,7,1304.0,1,111000.0,2,11,9,113,4,151300,1.0
0,54986705,7,1233.5,3,56000.0,2,11,5,80,5,60052,1.0
0,58991922,7,1365.5,1,150000.0,2,12,-1,110,5,350012,1.0
1,58985795,5,1389.5,3,38000.0,2,15,5,109,5,450015,158.5370619
0,58989550,7,1283.0,3,67000.0,2,11,5,114,4,60026,200.0
1,59005543,4,1302.5,1,239000.0,1,8,5,100,3,60043,380.7886553
1,58989781,7,1241.0,1,70000.0,2,11,-1,106,4,450032,200.0
0,54991368,4,1271.0,3,99000.0,2,8,5,114,4,151300,232.8647676
1,54987636,7,1214.0,3,59000.0,2,11,5,84,3,72001,223.6067977
0,58985909,5,1256.0,3,128000.0,2,15,5,114,4,510065,167.33200530000002
0,58983160,5,1364.0,3,134000.0,2,15,5,83,5,72000,316.22776600000003
0,54990275,4,,2,94000.0,2,8,9,81,5,71000,176.5389475
1,59003268,4,1281.5,3,95000.0,1,8,5,93,5,60047,173.20508080000002
0,58997888,4,1352.0,3,175000.0,2,8,9,105,5,60004,219.089023
0,59001107,4,1272.5,3,180000.0,2,8,5,110,4,60091,1.0
0,58996112,7,1248.5,3,76000.0,2,11,5,95,3,72000,200.0
0,58992849,7,1380.5,3,271000.0,2,11,9,81,5,60027,300.1299718
1,59003507,4,1278.5,3,101000.0,2,8,5,112,4,72000,1.0
0,58989284,7,1248.5,3,146000.0,2,11,10,105,5,350704,339.9441131
0,58995726,7,1290.5,1,161000.0,2,11,5,109,3,151300,1.0
1,58999971,4,1320.5,1,128000.0,2,8,-1,112,5,341774,206.4291646
0,59000105,4,1293.5,3,35000.0,2,8,5,105,5,350071,200.0
0,58995231,7,1374.5,1,400000.0,2,12,-1,104,5,60000,492.6601263
0,59006193,7,1268.0,3,162000.0,2,11,5,113,4,450081,141.4213562
0,58984749,5,1205.0,3,94000.0,2,15,5,103,1,60000,1.0
0,54984830,5,1316.0,3,15000.0,2,15,5,114,4,510036,206.9130252
0,58987900,5,1248.5,1,81000.0,2,15,9,79,3,450033,187.08286930000003
0,54982916,5,1352.0,3,88000.0,2,15,9,101,5,350091,198.1464105
0,58984428,5,1304.0,3,140000.0,2,15,5,80,3,151300,187.08286930000003
0,58996064,7,1230.5,3,69000.0,1,11,9,72,5,151300,187.08286930000003
0,59002460,4,1328.0,3,123000.0,1,8,5,99,3,151009,173.20508080000002
0,58997449,4,1403.0,1,184000.0,2,8,-1,80,5,340017,187.08286930000003
0,54982356,1,1391.0,1,1200000.0,2,5,-1,64,5,361026,1.0
0,58988052,5,1293.5,1,169000.0,2,15,-1,106,5,450017,200.0
0,59005843,4,1230.5,1,71000.0,2,8,5,100,5,72001,1.0
0,59004680,4,1370.0,1,273000.0,2,8,9,110,5,60015,1.0
0,54991534,4,1338.5,3,133000.0,1,8,5,80,3,151009,187.08286930000003
0,54991100,4,1292.0,3,195000.0,2,8,5,112,4,151300,1.0
0,58994019,7,,3,156000.0,2,11,5,84,5,450069,165.8312395
0,58996823,7,1272.5,1,66000.0,2,11,5,105,5,60014,194.08503290000002
0,54982897,5,1257.5,3,102000.0,2,15,2,80,3,60005,223.6067977
0,59001138,4,,2,100000.0,2,8,9,99,5,71003,199.9749984
1,54985832,7,1308.5,3,500000.0,2,11,9,85,5,60001,387.29833460000003
0,59001213,4,1296.5,1,127000.0,2,8,5,112,5,60032,1.0
1,58994493,7,1287.5,3,89000.0,2,11,5,105,5,71004,1.0
0,58991651,7,1268.0,3,107000.0,2,11,4,105,5,60091,1.0
1,59004235,4,,2,150000.0,2,8,5,100,3,60018,244.7549795
0,58990154,7,1262.0,3,100000.0,2,11,5,113,4,450071,210.9573417
0,58985785,5,,3,250000.0,2,15,-1,111,5,450031,187.08286930000003
0,59003741,4,,2,39000.0,2,8,5,90,3,60001,153.2677396
0,58996247,7,1259.0,1,336000.0,2,11,9,112,4,60036,1.0
0,54983895,5,1223.0,3,59000.0,2,15,5,112,4,510101,200.0
0,54984680,5,1170.5,3,100000.0,2,15,5,86,5,350092,200.0
0,54982859,5,1322.0,3,154000.0,2,15,5,110,5,72000,204.93901530000002
0,59001195,4,1311.5,3,147000.0,2,8,5,98,4,72000,187.08286930000003
0,58985542,5,1272.5,3,108000.0,2,15,5,113,4,450015,200.0
0,58996837,7,1235.0,3,56000.0,2,11,-1,114,4,151300,206.8888591
0,54989264,4,1343.0,3,110000.0,2,8,2,105,5,60043,1.0
0,59001031,4,,2,58000.0,2,8,5,100,5,151300,196.2141687
0,58992063,7,1137.5,3,88000.0,2,11,-1,107,4,450081,158.11388300000002
0,54985816,7,1320.5,3,108000.0,2,11,5,110,4,510068,248.99799199999998
0,58988196,5,1289.0,1,173000.0,2,15,5,112,3,350702,200.0
0,58987926,5,,2,50000.0,2,15,5,108,4,450000,169.0
0,58995381,7,1220.0,3,76000.0,2,11,2,90,5,71002,1.0
0,58998054,4,1250.0,3,137000.0,2,8,5,90,5,72000,1.0
0,54989781,4,1415.0,3,93000.0,2,8,5,113,4,151300,273.86127880000004
